階層,人数,業種,年,総額
100万円以下,104527,建設業,2023,114922
200万円以下,332473,建設業,2023,230109
300万円以下,1058898,建設業,2023,412567
400万円以下,2244542,建設業,2023,631680
500万円以下,3384307,建設業,2023,754255
600万円以下,3171467,建設業,2023,578519
700万円以下,2242147,建設業,2023,346636
800万円以下,1908855,建設業,2023,255657
900万円以下,1412221,建設業,2023,166772
"1,000万円以下",1087005,建設業,2023,114576
"1,500万円以下",2658557,建設業,2023,223406
"2,000万円以下",831082,建設業,2023,48219
"2,500万円以下",360260,建設業,2023,16169
"2,500万円超",618250,建設業,2023,16198
100万円以下,101163,建設業,2022,112762
200万円以下,407994,建設業,2022,279022
300万円以下,1125612,建設業,2022,437292
400万円以下,2442159,建設業,2022,689203
500万円以下,3364246,建設業,2022,748304
600万円以下,3372369,建設業,2022,612773
700万円以下,2378727,建設業,2022,367345
800万円以下,1887846,建設業,2022,253587
900万円以下,1353879,建設業,2022,159429
"1,000万円以下",1066261,建設業,2022,112465
"1,500万円以下",2463389,建設業,2022,207823
"2,000万円以下",663562,建設業,2022,38301
"2,500万円以下",233590,建設業,2022,10388
"2,500万円超",522792,建設業,2022,12773
100万円以下,125475,建設業,2021,140127
200万円以下,468944,建設業,2021,323333
300万円以下,1189110,建設業,2021,462663
400万円以下,2417469,建設業,2021,682174
500万円以下,3313278,建設業,2021,738056
600万円以下,3130537,建設業,2021,568090
700万円以下,2270320,建設業,2021,350861
800万円以下,1998702,建設業,2021,267583
900万円以下,1492742,建設業,2021,176045
"1,000万円以下",1015448,建設業,2021,107476
"1,500万円以下",2477574,建設業,2021,209471
"2,000万円以下",582991,建設業,2021,34018
"2,500万円以下",246298,建設業,2021,11058
"2,500万円超",511066,建設業,2021,12964
100万円以下,132047,建設業,2020,146638
200万円以下,481620,建設業,2020,328810
300万円以下,1337073,建設業,2020,521318
400万円以下,2573388,建設業,2020,729861
500万円以下,3334233,建設業,2020,743045
600万円以下,3031441,建設業,2020,552137
700万円以下,2328009,建設業,2020,359548
800万円以下,1910884,建設業,2020,255826
900万円以下,1384977,建設業,2020,162583
"1,000万円以下",1070184,建設業,2020,112692
"1,500万円以下",2752776,建設業,2020,233524
"2,000万円以下",556972,建設業,2020,33228
"2,500万円以下",245720,建設業,2020,11053
"2,500万円超",544185,建設業,2020,13666
100万円以下,126922,建設業,2019,142495
200万円以下,475785,建設業,2019,324356
300万円以下,1222360,建設業,2019,476168
400万円以下,2283221,建設業,2019,647582
500万円以下,2959010,建設業,2019,657825
600万円以下,2719742,建設業,2019,497005
700万円以下,1851422,建設業,2019,285840
800万円以下,1599134,建設業,2019,213925
900万円以下,1173446,建設業,2019,138116
"1,000万円以下",782715,建設業,2019,82711
"1,500万円以下",2253231,建設業,2019,190358
"2,000万円以下",570598,建設業,2019,32894
"2,500万円以下",206516,建設業,2019,9306
"2,500万円超",366782,建設業,2019,9501
100万円以下,86977,建設業,2018,97239
200万円以下,381971,建設業,2018,261440
300万円以下,1203587,建設業,2018,469369
400万円以下,2392439,建設業,2018,676901
500万円以下,3042743,建設業,2018,677370
600万円以下,2637870,建設業,2018,480061
700万円以下,1886385,建設業,2018,291744
800万円以下,1617040,建設業,2018,217004
900万円以下,1157427,建設業,2018,136582
"1,000万円以下",874203,建設業,2018,92231
"1,500万円以下",2298069,建設業,2018,192765
"2,000万円以下",471131,建設業,2018,27486
"2,500万円以下",199647,建設業,2018,8771
"2,500万円超",434829,建設業,2018,11131
100万円以下,88309,建設業,2017,97350
200万円以下,445850,建設業,2017,295319
300万円以下,1260773,建設業,2017,490033
400万円以下,2465765,建設業,2017,699031
500万円以下,3127559,建設業,2017,697367
600万円以下,2626466,建設業,2017,479031
700万円以下,1804484,建設業,2017,279096
800万円以下,1420167,建設業,2017,190445
900万円以下,1078205,建設業,2017,127126
"1,000万円以下",777856,建設業,2017,82132
"1,500万円以下",1999434,建設業,2017,169310
"2,000万円以下",543064,建設業,2017,31095
"2,500万円以下",208245,建設業,2017,9490
"2,500万円超",366414,建設業,2017,10113
100万円以下,120526,建設業,2016,133977
200万円以下,428603,建設業,2016,286769
300万円以下,1368763,建設業,2016,536880
400万円以下,2687550,建設業,2016,763282
500万円以下,2917644,建設業,2016,649251
600万円以下,2633414,建設業,2016,479536
700万円以下,1836850,建設業,2016,284877
800万円以下,1259017,建設業,2016,168848
900万円以下,1053863,建設業,2016,124217
"1,000万円以下",898511,建設業,2016,94522
"1,500万円以下",1735342,建設業,2016,147589
"2,000万円以下",419054,建設業,2016,24784
"2,500万円以下",155706,建設業,2016,7111
"2,500万円超",348729,建設業,2016,8563
100万円以下,110569,建設業,2015,122879
200万円以下,455460,建設業,2015,304833
300万円以下,1337324,建設業,2015,522971
400万円以下,2547326,建設業,2015,722768
500万円以下,2996138,建設業,2015,667787
600万円以下,2503147,建設業,2015,455200
700万円以下,1563720,建設業,2015,241046
800万円以下,1368374,建設業,2015,182912
900万円以下,1045350,建設業,2015,123480
"1,000万円以下",794731,建設業,2015,83787
"1,500万円以下",1672799,建設業,2015,142772
"2,000万円以下",294509,建設業,2015,17578
"2,500万円以下",161482,建設業,2015,7215
"2,500万円超",262431,建設業,2015,6377
100万円以下,92556,建設業,2014,101904
200万円以下,443183,建設業,2014,294045
300万円以下,1350402,建設業,2014,531131
400万円以下,2488616,建設業,2014,706475
500万円以下,3012671,建設業,2014,673774
600万円以下,2486439,建設業,2014,453898
700万円以下,1758993,建設業,2014,272141
800万円以下,1329234,建設業,2014,178461
900万円以下,1030226,建設業,2014,121232
"1,000万円以下",652857,建設業,2014,69010
"1,500万円以下",1418188,建設業,2014,121500
"2,000万円以下",347159,建設業,2014,20192
"2,500万円以下",101429,建設業,2014,4517
"2,500万円超",193168,建設業,2014,5222
100万円以下,247427,製造業,2023,307181
200万円以下,1033346,製造業,2023,700406
300万円以下,2968263,製造業,2023,1170228
400万円以下,4999563,製造業,2023,1421067
500万円以下,6902316,製造業,2023,1540344
600万円以下,6883030,製造業,2023,1254548
700万円以下,5941780,製造業,2023,917451
800万円以下,5042236,製造業,2023,674507
900万円以下,3915708,製造業,2023,461910
"1,000万円以下",2834721,製造業,2023,299095
"1,500万円以下",6196309,製造業,2023,529878
"2,000万円以下",1575833,製造業,2023,91696
"2,500万円以下",462385,製造業,2023,20845
"2,500万円超",1195734,製造業,2023,26274
100万円以下,242714,製造業,2022,302612
200万円以下,1089597,製造業,2022,741932
300万円以下,2985060,製造業,2022,1175656
400万円以下,5180372,製造業,2022,1470515
500万円以下,6996675,製造業,2022,1558625
600万円以下,7068149,製造業,2022,1290823
700万円以下,5767994,製造業,2022,890895
800万円以下,5015785,製造業,2022,671256
900万円以下,4083988,製造業,2022,482946
"1,000万円以下",3080793,製造業,2022,324983
"1,500万円以下",6618474,製造業,2022,566835
"2,000万円以下",1356712,製造業,2022,78730
"2,500万円以下",438390,製造業,2022,19852
"2,500万円超",1239723,製造業,2022,28972
100万円以下,215793,製造業,2021,268237
200万円以下,1204565,製造業,2021,804608
300万円以下,3040799,製造業,2021,1198121
400万円以下,5441129,製造業,2021,1550312
500万円以下,7082701,製造業,2021,1579896
600万円以下,6842495,製造業,2021,1248366
700万円以下,6126505,製造業,2021,944843
800万円以下,5183241,製造業,2021,694134
900万円以下,4090539,製造業,2021,482889
"1,000万円以下",3071339,製造業,2021,324793
"1,500万円以下",6256160,製造業,2021,536967
"2,000万円以下",1306667,製造業,2021,76367
"2,500万円以下",374997,製造業,2021,16840
"2,500万円超",1007354,製造業,2021,23706
100万円以下,262937,製造業,2020,329902
200万円以下,1316161,製造業,2020,875348
300万円以下,3292898,製造業,2020,1301486
400万円以下,5570081,製造業,2020,1586769
500万円以下,6903731,製造業,2020,1538473
600万円以下,6625938,製造業,2020,1207928
700万円以下,5653868,製造業,2020,872406
800万円以下,4556539,製造業,2020,609369
900万円以下,3587043,製造業,2020,424072
"1,000万円以下",2747287,製造業,2020,290063
"1,500万円以下",5675308,製造業,2020,479660
"2,000万円以下",1111091,製造業,2020,64641
"2,500万円以下",379595,製造業,2020,17038
"2,500万円超",993804,製造業,2020,23155
100万円以下,299659,製造業,2019,373043
200万円以下,1403243,製造業,2019,940429
300万円以下,3081340,製造業,2019,1223267
400万円以下,5306645,製造業,2019,1511511
500万円以下,6929015,製造業,2019,1544367
600万円以下,6999935,製造業,2019,1277165
700万円以下,6014804,製造業,2019,927036
800万円以下,4992682,製造業,2019,667067
900万円以下,4171282,製造業,2019,492206
"1,000万円以下",3017434,製造業,2019,318697
"1,500万円以下",6366095,製造業,2019,544076
"2,000万円以下",1491730,製造業,2019,87432
"2,500万円以下",450903,製造業,2019,20069
"2,500万円超",1118164,製造業,2019,23912
100万円以下,255904,製造業,2018,314976
200万円以下,1275722,製造業,2018,844110
300万円以下,3001477,製造業,2018,1194043
400万円以下,5168697,製造業,2018,1465004
500万円以下,6676023,製造業,2018,1487489
600万円以下,6534853,製造業,2018,1190681
700万円以下,5734235,製造業,2018,886804
800万円以下,4708952,製造業,2018,630766
900万円以下,3689857,製造業,2018,435495
"1,000万円以下",2709228,製造業,2018,286088
"1,500万円以下",6457902,製造業,2018,553131
"2,000万円以下",1278670,製造業,2018,74568
"2,500万円以下",441695,製造業,2018,19879
"2,500万円超",1137887,製造業,2018,26077
100万円以下,283735,製造業,2017,343318
200万円以下,1319028,製造業,2017,876748
300万円以下,3126349,製造業,2017,1238694
400万円以下,5470334,製造業,2017,1557727
500万円以下,7062566,製造業,2017,1573033
600万円以下,6920007,製造業,2017,1261898
700万円以下,5917333,製造業,2017,914559
800万円以下,4789221,製造業,2017,640937
900万円以下,3796135,製造業,2017,448644
"1,000万円以下",2898144,製造業,2017,306012
"1,500万円以下",5746320,製造業,2017,491975
"2,000万円以下",1053961,製造業,2017,61455
"2,500万円以下",426554,製造業,2017,19096
"2,500万円超",1112151,製造業,2017,25818
100万円以下,296090,製造業,2016,359813
200万円以下,1463006,製造業,2016,971601
300万円以下,3096106,製造業,2016,1232353
400万円以下,4969577,製造業,2016,1413628
500万円以下,6323228,製造業,2016,1408787
600万円以下,6221500,製造業,2016,1135402
700万円以下,5392047,製造業,2016,832964
800万円以下,4470885,製造業,2016,598000
900万円以下,3690242,製造業,2016,435551
"1,000万円以下",2812441,製造業,2016,296617
"1,500万円以下",5411257,製造業,2016,464234
"2,000万円以下",1097403,製造業,2016,64389
"2,500万円以下",347440,製造業,2016,15594
"2,500万円超",975499,製造業,2016,23091
100万円以下,296159,製造業,2015,354350
200万円以下,1477715,製造業,2015,993159
300万円以下,3216655,製造業,2015,1278947
400万円以下,5426507,製造業,2015,1541848
500万円以下,6659127,製造業,2015,1482811
600万円以下,6340075,製造業,2015,1157919
700万円以下,5269026,製造業,2015,814244
800万円以下,4468724,製造業,2015,597911
900万円以下,3653990,製造業,2015,431850
"1,000万円以下",2743026,製造業,2015,289465
"1,500万円以下",5641411,製造業,2015,483211
"2,000万円以下",987774,製造業,2015,58142
"2,500万円以下",405142,製造業,2015,18239
"2,500万円超",1050726,製造業,2015,24854
100万円以下,285336,製造業,2014,348762
200万円以下,1469531,製造業,2014,967540
300万円以下,3139252,製造業,2014,1243038
400万円以下,5203726,製造業,2014,1482334
500万円以下,6472185,製造業,2014,1445193
600万円以下,6217485,製造業,2014,1134586
700万円以下,5309714,製造業,2014,820005
800万円以下,4291223,製造業,2014,574265
900万円以下,3445529,製造業,2014,407290
"1,000万円以下",2744748,製造業,2014,290065
"1,500万円以下",5506973,製造業,2014,469462
"2,000万円以下",1037781,製造業,2014,61335
"2,500万円以下",321339,製造業,2014,14647
"2,500万円超",844296,製造業,2014,20604
100万円以下,984600,卸売業，小売業,2023,1225637
200万円以下,2062675,卸売業，小売業,2023,1467978
300万円以下,3167140,卸売業，小売業,2023,1282533
400万円以下,3983277,卸売業，小売業,2023,1137187
500万円以下,4675869,卸売業，小売業,2023,1042950
600万円以下,4129362,卸売業，小売業,2023,754413
700万円以下,3220380,卸売業，小売業,2023,497094
800万円以下,2375441,卸売業，小売業,2023,318397
900万円以下,1848913,卸売業，小売業,2023,217230
"1,000万円以下",1511277,卸売業，小売業,2023,159624
"1,500万円以下",2227858,卸売業，小売業,2023,190607
"2,000万円以下",878969,卸売業，小売業,2023,51271
"2,500万円以下",467887,卸売業，小売業,2023,20870
"2,500万円超",969248,卸売業，小売業,2023,23728
100万円以下,910642,卸売業，小売業,2022,1139985
200万円以下,2177800,卸売業，小売業,2022,1526842
300万円以下,3060708,卸売業，小売業,2022,1229158
400万円以下,3794685,卸売業，小売業,2022,1082901
500万円以下,4402358,卸売業，小売業,2022,981903
600万円以下,4083500,卸売業，小売業,2022,743998
700万円以下,2960947,卸売業，小売業,2022,458849
800万円以下,2296841,卸売業，小売業,2022,307768
900万円以下,1612986,卸売業，小売業,2022,190458
"1,000万円以下",1152952,卸売業，小売業,2022,121860
"1,500万円以下",2118749,卸売業，小売業,2022,181574
"2,000万円以下",861098,卸売業，小売業,2022,49866
"2,500万円以下",413243,卸売業，小売業,2022,18336
"2,500万円超",1103199,卸売業，小売業,2022,26841
100万円以下,1023912,卸売業，小売業,2021,1277817
200万円以下,2352498,卸売業，小売業,2021,1656059
300万円以下,3140085,卸売業，小売業,2021,1269889
400万円以下,4301557,卸売業，小売業,2021,1228948
500万円以下,4577762,卸売業，小売業,2021,1020251
600万円以下,4106739,卸売業，小売業,2021,748409
700万円以下,3035623,卸売業，小売業,2021,470098
800万円以下,2272929,卸売業，小売業,2021,304566
900万円以下,1495327,卸売業，小売業,2021,176543
"1,000万円以下",1042163,卸売業，小売業,2021,109959
"1,500万円以下",2284056,卸売業，小売業,2021,189298
"2,000万円以下",982442,卸売業，小売業,2021,56311
"2,500万円以下",408367,卸売業，小売業,2021,18435
"2,500万円超",930972,卸売業，小売業,2021,21896
100万円以下,952633,卸売業，小売業,2020,1200787
200万円以下,2197599,卸売業，小売業,2020,1554820
300万円以下,3204853,卸売業，小売業,2020,1288455
400万円以下,4218120,卸売業，小売業,2020,1203262
500万円以下,4409413,卸売業，小売業,2020,985355
600万円以下,4085731,卸売業，小売業,2020,745443
700万円以下,2699446,卸売業，小売業,2020,417634
800万円以下,1947463,卸売業，小売業,2020,261301
900万円以下,1370058,卸売業，小売業,2020,161985
"1,000万円以下",889621,卸売業，小売業,2020,93979
"1,500万円以下",2101284,卸売業，小売業,2020,177811
"2,000万円以下",839392,卸売業，小売業,2020,48079
"2,500万円以下",399658,卸売業，小売業,2020,17934
"2,500万円超",782594,卸売業，小売業,2020,18310
100万円以下,962248,卸売業，小売業,2019,1203790
200万円以下,2264076,卸売業，小売業,2019,1592389
300万円以下,3200269,卸売業，小売業,2019,1291838
400万円以下,3939745,卸売業，小売業,2019,1121574
500万円以下,4551885,卸売業，小売業,2019,1018031
600万円以下,4024612,卸売業，小売業,2019,733446
700万円以下,2943486,卸売業，小売業,2019,454188
800万円以下,2192480,卸売業，小売業,2019,294452
900万円以下,1463707,卸売業，小売業,2019,173039
"1,000万円以下",978551,卸売業，小売業,2019,103076
"1,500万円以下",1895963,卸売業，小売業,2019,162228
"2,000万円以下",939174,卸売業，小売業,2019,53443
"2,500万円以下",327228,卸売業，小売業,2019,14776
"2,500万円超",880514,卸売業，小売業,2019,21725
100万円以下,914345,卸売業，小売業,2018,1137380
200万円以下,2197271,卸売業，小売業,2018,1546801
300万円以下,2875044,卸売業，小売業,2018,1150741
400万円以下,4038410,卸売業，小売業,2018,1149960
500万円以下,4612823,卸売業，小売業,2018,1030871
600万円以下,4022479,卸売業，小売業,2018,734250
700万円以下,3164152,卸売業，小売業,2018,490202
800万円以下,2027673,卸売業，小売業,2018,272305
900万円以下,1392129,卸売業，小売業,2018,164581
"1,000万円以下",830218,卸売業，小売業,2018,87604
"1,500万円以下",2053128,卸売業，小売業,2018,171908
"2,000万円以下",789385,卸売業，小売業,2018,45958
"2,500万円以下",365805,卸売業，小売業,2018,16658
"2,500万円超",858469,卸売業，小売業,2018,19080
100万円以下,903171,卸売業，小売業,2017,1121946
200万円以下,2112644,卸売業，小売業,2017,1469902
300万円以下,2857742,卸売業，小売業,2017,1148500
400万円以下,3925271,卸売業，小売業,2017,1118420
500万円以下,4304087,卸売業，小売業,2017,961854
600万円以下,3625885,卸売業，小売業,2017,662915
700万円以下,2808528,卸売業，小売業,2017,434912
800万円以下,1959034,卸売業，小売業,2017,263481
900万円以下,1503539,卸売業，小売業,2017,177268
"1,000万円以下",994299,卸売業，小売業,2017,104854
"1,500万円以下",2063953,卸売業，小売業,2017,174745
"2,000万円以下",753193,卸売業，小売業,2017,43649
"2,500万円以下",274664,卸売業，小売業,2017,12372
"2,500万円超",604330,卸売業，小売業,2017,15528
100万円以下,937264,卸売業，小売業,2016,1165418
200万円以下,2208558,卸売業，小売業,2016,1555781
300万円以下,3047448,卸売業，小売業,2016,1220662
400万円以下,4029238,卸売業，小売業,2016,1150835
500万円以下,4349729,卸売業，小売業,2016,969125
600万円以下,3762521,卸売業，小売業,2016,686254
700万円以下,2620690,卸売業，小売業,2016,405862
800万円以下,2006390,卸売業，小売業,2016,269521
900万円以下,1301636,卸売業，小売業,2016,153576
"1,000万円以下",902056,卸売業，小売業,2016,95318
"1,500万円以下",1726032,卸売業，小売業,2016,146576
"2,000万円以下",733021,卸売業，小売業,2016,42597
"2,500万円以下",256463,卸売業，小売業,2016,11588
"2,500万円超",626850,卸売業，小売業,2016,15515
100万円以下,958060,卸売業，小売業,2015,1188178
200万円以下,2360601,卸売業，小売業,2015,1657718
300万円以下,2841444,卸売業，小売業,2015,1141675
400万円以下,4002124,卸売業，小売業,2015,1141544
500万円以下,4217519,卸売業，小売業,2015,942252
600万円以下,3361087,卸売業，小売業,2015,614056
700万円以下,2459161,卸売業，小売業,2015,380217
800万円以下,1750318,卸売業，小売業,2015,234886
900万円以下,1267922,卸売業，小売業,2015,149921
"1,000万円以下",737510,卸売業，小売業,2015,77917
"1,500万円以下",1859725,卸売業，小売業,2015,158575
"2,000万円以下",929740,卸売業，小売業,2015,52282
"2,500万円以下",274654,卸売業，小売業,2015,12296
"2,500万円超",592436,卸売業，小売業,2015,13956
100万円以下,940316,卸売業，小売業,2014,1173675
200万円以下,2312849,卸売業，小売業,2014,1630317
300万円以下,2990129,卸売業，小売業,2014,1198721
400万円以下,3931313,卸売業，小売業,2014,1121810
500万円以下,4176193,卸売業，小売業,2014,933127
600万円以下,3677355,卸売業，小売業,2014,671651
700万円以下,2541321,卸売業，小売業,2014,394507
800万円以下,1841390,卸売業，小売業,2014,246844
900万円以下,1263501,卸売業，小売業,2014,149118
"1,000万円以下",724294,卸売業，小売業,2014,76235
"1,500万円以下",1638831,卸売業，小売業,2014,138168
"2,000万円以下",653720,卸売業，小売業,2014,38222
"2,500万円以下",266048,卸売業，小売業,2014,12107
"2,500万円超",666171,卸売業，小売業,2014,14977
100万円以下,475929,宿泊業，飲食サービス業,2023,621708
200万円以下,611608,宿泊業，飲食サービス業,2023,451426
300万円以下,730203,宿泊業，飲食サービス業,2023,291347
400万円以下,977665,宿泊業，飲食サービス業,2023,279473
500万円以下,861678,宿泊業，飲食サービス業,2023,193558
600万円以下,634999,宿泊業，飲食サービス業,2023,116068
700万円以下,328558,宿泊業，飲食サービス業,2023,50978
800万円以下,301998,宿泊業，飲食サービス業,2023,40566
900万円以下,131022,宿泊業，飲食サービス業,2023,15489
"1,000万円以下",123366,宿泊業，飲食サービス業,2023,13057
"1,500万円以下",243401,宿泊業，飲食サービス業,2023,20446
"2,000万円以下",46095,宿泊業，飲食サービス業,2023,2480
"2,500万円以下",24702,宿泊業，飲食サービス業,2023,1080
"2,500万円超",52594,宿泊業，飲食サービス業,2023,1261
100万円以下,422727,宿泊業，飲食サービス業,2022,554023
200万円以下,606354,宿泊業，飲食サービス業,2022,439646
300万円以下,690624,宿泊業，飲食サービス業,2022,276367
400万円以下,910271,宿泊業，飲食サービス業,2022,258641
500万円以下,825661,宿泊業，飲食サービス業,2022,183876
600万円以下,558977,宿泊業，飲食サービス業,2022,102554
700万円以下,292077,宿泊業，飲食サービス業,2022,45195
800万円以下,269072,宿泊業，飲食サービス業,2022,36336
900万円以下,168638,宿泊業，飲食サービス業,2022,19889
"1,000万円以下",77716,宿泊業，飲食サービス業,2022,8250
"1,500万円以下",236290,宿泊業，飲食サービス業,2022,19676
"2,000万円以下",112811,宿泊業，飲食サービス業,2022,6399
"2,500万円以下",11360,宿泊業，飲食サービス業,2022,491
"2,500万円超",53131,宿泊業，飲食サービス業,2022,1095
100万円以下,460605,宿泊業，飲食サービス業,2021,606687
200万円以下,657299,宿泊業，飲食サービス業,2021,476644
300万円以下,926184,宿泊業，飲食サービス業,2021,370972
400万円以下,1094154,宿泊業，飲食サービス業,2021,314813
500万円以下,915944,宿泊業，飲食サービス業,2021,204431
600万円以下,518737,宿泊業，飲食サービス業,2021,94836
700万円以下,303861,宿泊業，飲食サービス業,2021,46822
800万円以下,191894,宿泊業，飲食サービス業,2021,25592
900万円以下,118571,宿泊業，飲食サービス業,2021,14048
"1,000万円以下",74395,宿泊業，飲食サービス業,2021,7893
"1,500万円以下",154452,宿泊業，飲食サービス業,2021,12775
"2,000万円以下",27269,宿泊業，飲食サービス業,2021,1513
"2,500万円以下",28121,宿泊業，飲食サービス業,2021,1330
"2,500万円超",68794,宿泊業，飲食サービス業,2021,1716
100万円以下,509604,宿泊業，飲食サービス業,2020,674333
200万円以下,699055,宿泊業，飲食サービス業,2020,491170
300万円以下,935863,宿泊業，飲食サービス業,2020,372979
400万円以下,1061069,宿泊業，飲食サービス業,2020,304563
500万円以下,751496,宿泊業，飲食サービス業,2020,169422
600万円以下,533653,宿泊業，飲食サービス業,2020,96996
700万円以下,288340,宿泊業，飲食サービス業,2020,45070
800万円以下,171605,宿泊業，飲食サービス業,2020,23100
900万円以下,154196,宿泊業，飲食サービス業,2020,18145
"1,000万円以下",100700,宿泊業，飲食サービス業,2020,10550
"1,500万円以下",249067,宿泊業，飲食サービス業,2020,20225
"2,000万円以下",43769,宿泊業，飲食サービス業,2020,2553
"2,500万円以下",20344,宿泊業，飲食サービス業,2020,905
"2,500万円超",30390,宿泊業，飲食サービス業,2020,604
100万円以下,461698,宿泊業，飲食サービス業,2019,603056
200万円以下,720582,宿泊業，飲食サービス業,2019,523475
300万円以下,794046,宿泊業，飲食サービス業,2019,316282
400万円以下,856073,宿泊業，飲食サービス業,2019,247288
500万円以下,798009,宿泊業，飲食サービス業,2019,177983
600万円以下,626780,宿泊業，飲食サービス業,2019,114362
700万円以下,359972,宿泊業，飲食サービス業,2019,55443
800万円以下,193882,宿泊業，飲食サービス業,2019,25888
900万円以下,108390,宿泊業，飲食サービス業,2019,12726
"1,000万円以下",34759,宿泊業，飲食サービス業,2019,3666
"1,500万円以下",215926,宿泊業，飲食サービス業,2019,17370
"2,000万円以下",71829,宿泊業，飲食サービス業,2019,4262
"2,500万円以下",20645,宿泊業，飲食サービス業,2019,919
"2,500万円超",44741,宿泊業，飲食サービス業,2019,1227
100万円以下,461578,宿泊業，飲食サービス業,2018,592295
200万円以下,733443,宿泊業，飲食サービス業,2018,531557
300万円以下,841189,宿泊業，飲食サービス業,2018,333302
400万円以下,1073357,宿泊業，飲食サービス業,2018,306787
500万円以下,811952,宿泊業，飲食サービス業,2018,181883
600万円以下,531559,宿泊業，飲食サービス業,2018,97307
700万円以下,310569,宿泊業，飲食サービス業,2018,48294
800万円以下,150500,宿泊業，飲食サービス業,2018,20390
900万円以下,114085,宿泊業，飲食サービス業,2018,13519
"1,000万円以下",36037,宿泊業，飲食サービス業,2018,3783
"1,500万円以下",137861,宿泊業，飲食サービス業,2018,11511
"2,000万円以下",45998,宿泊業，飲食サービス業,2018,2824
"2,500万円以下",17746,宿泊業，飲食サービス業,2018,785
"2,500万円超",39939,宿泊業，飲食サービス業,2018,1102
100万円以下,507943,宿泊業，飲食サービス業,2017,654529
200万円以下,734784,宿泊業，飲食サービス業,2017,531634
300万円以下,919403,宿泊業，飲食サービス業,2017,368816
400万円以下,1091530,宿泊業，飲食サービス業,2017,313205
500万円以下,927133,宿泊業，飲食サービス業,2017,208548
600万円以下,563495,宿泊業，飲食サービス業,2017,102951
700万円以下,274013,宿泊業，飲食サービス業,2017,42627
800万円以下,132001,宿泊業，飲食サービス業,2017,17890
900万円以下,88828,宿泊業，飲食サービス業,2017,10522
"1,000万円以下",92520,宿泊業，飲食サービス業,2017,9703
"1,500万円以下",150876,宿泊業，飲食サービス業,2017,12367
"2,000万円以下",40539,宿泊業，飲食サービス業,2017,2449
"2,500万円以下",16605,宿泊業，飲食サービス業,2017,743
"2,500万円超",74303,宿泊業，飲食サービス業,2017,1391
100万円以下,454665,宿泊業，飲食サービス業,2016,590758
200万円以下,701704,宿泊業，飲食サービス業,2016,502774
300万円以下,837519,宿泊業，飲食サービス業,2016,335154
400万円以下,821597,宿泊業，飲食サービス業,2016,237123
500万円以下,674032,宿泊業，飲食サービス業,2016,151434
600万円以下,425388,宿泊業，飲食サービス業,2016,78049
700万円以下,178184,宿泊業，飲食サービス業,2016,27772
800万円以下,122078,宿泊業，飲食サービス業,2016,16535
900万円以下,85279,宿泊業，飲食サービス業,2016,10085
"1,000万円以下",91199,宿泊業，飲食サービス業,2016,9619
"1,500万円以下",87603,宿泊業，飲食サービス業,2016,7427
"2,000万円以下",40919,宿泊業，飲食サービス業,2016,2354
"2,500万円以下",34094,宿泊業，飲食サービス業,2016,1540
"2,500万円超",30293,宿泊業，飲食サービス業,2016,755
100万円以下,458483,宿泊業，飲食サービス業,2015,589254
200万円以下,752574,宿泊業，飲食サービス業,2015,544789
300万円以下,790301,宿泊業，飲食サービス業,2015,319919
400万円以下,913753,宿泊業，飲食サービス業,2015,262142
500万円以下,712495,宿泊業，飲食サービス業,2015,159463
600万円以下,410748,宿泊業，飲食サービス業,2015,75415
700万円以下,228195,宿泊業，飲食サービス業,2015,35392
800万円以下,130838,宿泊業，飲食サービス業,2015,17593
900万円以下,90899,宿泊業，飲食サービス業,2015,10632
"1,000万円以下",50447,宿泊業，飲食サービス業,2015,5389
"1,500万円以下",122486,宿泊業，飲食サービス業,2015,10227
"2,000万円以下",35600,宿泊業，飲食サービス業,2015,2030
"2,500万円以下",22109,宿泊業，飲食サービス業,2015,973
"2,500万円超",43032,宿泊業，飲食サービス業,2015,948
100万円以下,463398,宿泊業，飲食サービス業,2014,598449
200万円以下,711686,宿泊業，飲食サービス業,2014,511023
300万円以下,848219,宿泊業，飲食サービス業,2014,342857
400万円以下,899863,宿泊業，飲食サービス業,2014,258304
500万円以下,722229,宿泊業，飲食サービス業,2014,161629
600万円以下,452843,宿泊業，飲食サービス業,2014,82685
700万円以下,213858,宿泊業，飲食サービス業,2014,33058
800万円以下,145331,宿泊業，飲食サービス業,2014,19463
900万円以下,52186,宿泊業，飲食サービス業,2014,6145
"1,000万円以下",64426,宿泊業，飲食サービス業,2014,6803
"1,500万円以下",108151,宿泊業，飲食サービス業,2014,9241
"2,000万円以下",62554,宿泊業，飲食サービス業,2014,3442
"2,500万円以下",13420,宿泊業，飲食サービス業,2014,612
"2,500万円超",43967,宿泊業，飲食サービス業,2014,1242
100万円以下,26675,金融業，保険業,2023,31789
200万円以下,128390,金融業，保険業,2023,88896
300万円以下,304310,金融業，保険業,2023,120500
400万円以下,589438,金融業，保険業,2023,167037
500万円以下,940217,金融業，保険業,2023,208434
600万円以下,930791,金融業，保険業,2023,169804
700万円以下,849191,金融業，保険業,2023,130867
800万円以下,690956,金融業，保険業,2023,92704
900万円以下,631486,金融業，保険業,2023,74481
"1,000万円以下",611363,金融業，保険業,2023,64333
"1,500万円以下",2053012,金融業，保険業,2023,171859
"2,000万円以下",682430,金融業，保険業,2023,39939
"2,500万円以下",184015,金融業，保険業,2023,8319
"2,500万円超",360750,金融業，保険業,2023,8793
100万円以下,32152,金融業，保険業,2022,38533
200万円以下,136840,金融業，保険業,2022,96384
300万円以下,286307,金融業，保険業,2022,113433
400万円以下,572198,金融業，保険業,2022,160460
500万円以下,878147,金融業，保険業,2022,195641
600万円以下,915656,金融業，保険業,2022,166877
700万円以下,781954,金融業，保険業,2022,120723
800万円以下,654586,金融業，保険業,2022,87633
900万円以下,609356,金融業，保険業,2022,71584
"1,000万円以下",704436,金融業，保険業,2022,74223
"1,500万円以下",2144611,金融業，保険業,2022,180588
"2,000万円以下",649752,金融業，保険業,2022,38524
"2,500万円以下",193014,金融業，保険業,2022,8762
"2,500万円超",370465,金融業，保険業,2022,8501
100万円以下,30809,金融業，保険業,2021,35621
200万円以下,111184,金融業，保険業,2021,79326
300万円以下,294517,金融業，保険業,2021,116364
400万円以下,524921,金融業，保険業,2021,148722
500万円以下,875947,金融業，保険業,2021,195181
600万円以下,915965,金融業，保険業,2021,167128
700万円以下,803684,金融業，保険業,2021,124147
800万円以下,799838,金融業，保険業,2021,106808
900万円以下,584949,金融業，保険業,2021,68779
"1,000万円以下",647315,金融業，保険業,2021,68132
"1,500万円以下",2188430,金融業，保険業,2021,183132
"2,000万円以下",846429,金融業，保険業,2021,49258
"2,500万円以下",204622,金融業，保険業,2021,9346
"2,500万円超",448418,金融業，保険業,2021,10293
100万円以下,39918,金融業，保険業,2020,48056
200万円以下,156059,金融業，保険業,2020,107072
300万円以下,348926,金融業，保険業,2020,137954
400万円以下,677565,金融業，保険業,2020,192260
500万円以下,864336,金融業，保険業,2020,192698
600万円以下,881386,金融業，保険業,2020,161769
700万円以下,917836,金融業，保険業,2020,141399
800万円以下,736943,金融業，保険業,2020,98782
900万円以下,709114,金融業，保険業,2020,83512
"1,000万円以下",646457,金融業，保険業,2020,68035
"1,500万円以下",2005943,金融業，保険業,2020,166981
"2,000万円以下",666242,金融業，保険業,2020,38789
"2,500万円以下",144070,金融業，保険業,2020,6563
"2,500万円超",436055,金融業，保険業,2020,9244
100万円以下,45301,金融業，保険業,2019,52503
200万円以下,157075,金融業，保険業,2019,109924
300万円以下,368203,金融業，保険業,2019,145494
400万円以下,693587,金融業，保険業,2019,196741
500万円以下,1031381,金融業，保険業,2019,229748
600万円以下,902230,金融業，保険業,2019,164451
700万円以下,895347,金融業，保険業,2019,138790
800万円以下,816364,金融業，保険業,2019,108741
900万円以下,767727,金融業，保険業,2019,90348
"1,000万円以下",680368,金融業，保険業,2019,71739
"1,500万円以下",2319951,金融業，保険業,2019,195474
"2,000万円以下",809602,金融業，保険業,2019,47076
"2,500万円以下",132921,金融業，保険業,2019,6072
"2,500万円超",319532,金融業，保険業,2019,7226
100万円以下,45204,金融業，保険業,2018,52794
200万円以下,160424,金融業，保険業,2018,109395
300万円以下,330885,金融業，保険業,2018,131181
400万円以下,654248,金融業，保険業,2018,186026
500万円以下,941600,金融業，保険業,2018,209087
600万円以下,946403,金融業，保険業,2018,172485
700万円以下,846057,金融業，保険業,2018,130880
800万円以下,721343,金融業，保険業,2018,96492
900万円以下,700857,金融業，保険業,2018,82745
"1,000万円以下",627512,金融業，保険業,2018,66294
"1,500万円以下",1963159,金融業，保険業,2018,163890
"2,000万円以下",689515,金融業，保険業,2018,40727
"2,500万円以下",134372,金融業，保険業,2018,6143
"2,500万円超",306036,金融業，保険業,2018,6707
100万円以下,42536,金融業，保険業,2017,49141
200万円以下,157967,金融業，保険業,2017,108303
300万円以下,331237,金融業，保険業,2017,131245
400万円以下,619788,金融業，保険業,2017,175071
500万円以下,918639,金融業，保険業,2017,204857
600万円以下,872804,金融業，保険業,2017,159327
700万円以下,722714,金融業，保険業,2017,111464
800万円以下,724814,金融業，保険業,2017,97007
900万円以下,650964,金融業，保険業,2017,76673
"1,000万円以下",605109,金融業，保険業,2017,63718
"1,500万円以下",1954286,金融業，保険業,2017,162342
"2,000万円以下",642911,金融業，保険業,2017,37835
"2,500万円以下",152920,金融業，保険業,2017,6990
"2,500万円超",303455,金融業，保険業,2017,7370
100万円以下,38350,金融業，保険業,2016,44058
200万円以下,149178,金融業，保険業,2016,106947
300万円以下,298539,金融業，保険業,2016,119104
400万円以下,597477,金融業，保険業,2016,168257
500万円以下,832202,金融業，保険業,2016,185652
600万円以下,861211,金融業，保険業,2016,157119
700万円以下,755888,金融業，保険業,2016,116382
800万円以下,743448,金融業，保険業,2016,99355
900万円以下,741424,金融業，保険業,2016,87566
"1,000万円以下",650934,金融業，保険業,2016,68491
"1,500万円以下",1939410,金融業，保険業,2016,161317
"2,000万円以下",641810,金融業，保険業,2016,37879
"2,500万円以下",144509,金融業，保険業,2016,6579
"2,500万円超",295404,金融業，保険業,2016,6317
100万円以下,45987,金融業，保険業,2015,54148
200万円以下,140854,金融業，保険業,2015,99686
300万円以下,290195,金融業，保険業,2015,116130
400万円以下,541757,金融業，保険業,2015,153021
500万円以下,823953,金融業，保険業,2015,184233
600万円以下,770869,金融業，保険業,2015,140627
700万円以下,686347,金融業，保険業,2015,105888
800万円以下,664294,金融業，保険業,2015,89032
900万円以下,653620,金融業，保険業,2015,76747
"1,000万円以下",616997,金融業，保険業,2015,64924
"1,500万円以下",2059190,金融業，保険業,2015,171616
"2,000万円以下",706525,金融業，保険業,2015,41549
"2,500万円以下",178265,金融業，保険業,2015,8109
"2,500万円超",326652,金融業，保険業,2015,7910
100万円以下,47853,金融業，保険業,2014,54531
200万円以下,136164,金融業，保険業,2014,95602
300万円以下,322475,金融業，保険業,2014,128437
400万円以下,587921,金融業，保険業,2014,166260
500万円以下,777613,金融業，保険業,2014,173129
600万円以下,822935,金融業，保険業,2014,149874
700万円以下,736358,金融業，保険業,2014,113775
800万円以下,642093,金融業，保険業,2014,85617
900万円以下,622642,金融業，保険業,2014,73489
"1,000万円以下",547168,金融業，保険業,2014,57627
"1,500万円以下",1931166,金融業，保険業,2014,160202
"2,000万円以下",601946,金融業，保険業,2014,35832
"2,500万円以下",148243,金融業，保険業,2014,6747
"2,500万円超",236101,金融業，保険業,2014,5403
100万円以下,107916,不動産業，物品賃貸業,2023,139322
200万円以下,269955,不動産業，物品賃貸業,2023,187417
300万円以下,457875,不動産業，物品賃貸業,2023,181657
400万円以下,502103,不動産業，物品賃貸業,2023,143572
500万円以下,676946,不動産業，物品賃貸業,2023,150471
600万円以下,548962,不動産業，物品賃貸業,2023,99456
700万円以下,410775,不動産業，物品賃貸業,2023,63442
800万円以下,422280,不動産業，物品賃貸業,2023,56626
900万円以下,298366,不動産業，物品賃貸業,2023,34931
"1,000万円以下",246271,不動産業，物品賃貸業,2023,25956
"1,500万円以下",731782,不動産業，物品賃貸業,2023,61759
"2,000万円以下",241497,不動産業，物品賃貸業,2023,14068
"2,500万円以下",150963,不動産業，物品賃貸業,2023,6759
"2,500万円超",449124,不動産業，物品賃貸業,2023,11451
100万円以下,104962,不動産業，物品賃貸業,2022,136637
200万円以下,305872,不動産業，物品賃貸業,2022,210357
300万円以下,496368,不動産業，物品賃貸業,2022,195646
400万円以下,560994,不動産業，物品賃貸業,2022,159314
500万円以下,652881,不動産業，物品賃貸業,2022,146639
600万円以下,645755,不動産業，物品賃貸業,2022,116461
700万円以下,455506,不動産業，物品賃貸業,2022,70282
800万円以下,391976,不動産業，物品賃貸業,2022,52587
900万円以下,297319,不動産業，物品賃貸業,2022,35225
"1,000万円以下",244418,不動産業，物品賃貸業,2022,25767
"1,500万円以下",672406,不動産業，物品賃貸業,2022,56238
"2,000万円以下",301243,不動産業，物品賃貸業,2022,17597
"2,500万円以下",161659,不動産業，物品賃貸業,2022,7455
"2,500万円超",365428,不動産業，物品賃貸業,2022,7755
100万円以下,109605,不動産業，物品賃貸業,2021,143810
200万円以下,306196,不動産業，物品賃貸業,2021,209698
300万円以下,469761,不動産業，物品賃貸業,2021,187695
400万円以下,629087,不動産業，物品賃貸業,2021,177874
500万円以下,621840,不動産業，物品賃貸業,2021,138271
600万円以下,634448,不動産業，物品賃貸業,2021,113860
700万円以下,377304,不動産業，物品賃貸業,2021,58194
800万円以下,328842,不動産業，物品賃貸業,2021,44334
900万円以下,273398,不動産業，物品賃貸業,2021,32210
"1,000万円以下",210979,不動産業，物品賃貸業,2021,22120
"1,500万円以下",562416,不動産業，物品賃貸業,2021,46055
"2,000万円以下",217551,不動産業，物品賃貸業,2021,12328
"2,500万円以下",101494,不動産業，物品賃貸業,2021,4600
"2,500万円超",263899,不動産業，物品賃貸業,2021,6172
100万円以下,115434,不動産業，物品賃貸業,2020,153366
200万円以下,315470,不動産業，物品賃貸業,2020,218932
300万円以下,498094,不動産業，物品賃貸業,2020,197063
400万円以下,520020,不動産業，物品賃貸業,2020,147738
500万円以下,599156,不動産業，物品賃貸業,2020,133110
600万円以下,576349,不動産業，物品賃貸業,2020,103429
700万円以下,414490,不動産業，物品賃貸業,2020,64101
800万円以下,351656,不動産業，物品賃貸業,2020,47048
900万円以下,243122,不動産業，物品賃貸業,2020,28590
"1,000万円以下",260824,不動産業，物品賃貸業,2020,27434
"1,500万円以下",586703,不動産業，物品賃貸業,2020,48961
"2,000万円以下",251257,不動産業，物品賃貸業,2020,14354
"2,500万円以下",96144,不動産業，物品賃貸業,2020,4255
"2,500万円超",206692,不動産業，物品賃貸業,2020,5335
100万円以下,121244,不動産業，物品賃貸業,2019,158424
200万円以下,327730,不動産業，物品賃貸業,2019,224902
300万円以下,470179,不動産業，物品賃貸業,2019,184239
400万円以下,580661,不動産業，物品賃貸業,2019,164895
500万円以下,548572,不動産業，物品賃貸業,2019,122280
600万円以下,504340,不動産業，物品賃貸業,2019,91253
700万円以下,342876,不動産業，物品賃貸業,2019,52890
800万円以下,448159,不動産業，物品賃貸業,2019,60199
900万円以下,309479,不動産業，物品賃貸業,2019,36733
"1,000万円以下",253200,不動産業，物品賃貸業,2019,26796
"1,500万円以下",584537,不動産業，物品賃貸業,2019,49069
"2,000万円以下",170091,不動産業，物品賃貸業,2019,10154
"2,500万円以下",88886,不動産業，物品賃貸業,2019,4013
"2,500万円超",306392,不動産業，物品賃貸業,2019,6197
100万円以下,109587,不動産業，物品賃貸業,2018,141806
200万円以下,317613,不動産業，物品賃貸業,2018,217311
300万円以下,470669,不動産業，物品賃貸業,2018,185765
400万円以下,564556,不動産業，物品賃貸業,2018,161551
500万円以下,694774,不動産業，物品賃貸業,2018,154947
600万円以下,564129,不動産業，物品賃貸業,2018,101568
700万円以下,410386,不動産業，物品賃貸業,2018,63429
800万円以下,392230,不動産業，物品賃貸業,2018,52756
900万円以下,256412,不動産業，物品賃貸業,2018,30288
"1,000万円以下",231741,不動産業，物品賃貸業,2018,24348
"1,500万円以下",568972,不動産業，物品賃貸業,2018,47885
"2,000万円以下",308885,不動産業，物品賃貸業,2018,17781
"2,500万円以下",155361,不動産業，物品賃貸業,2018,7057
"2,500万円超",240497,不動産業，物品賃貸業,2018,6131
100万円以下,111219,不動産業，物品賃貸業,2017,141599
200万円以下,282556,不動産業，物品賃貸業,2017,200137
300万円以下,463060,不動産業，物品賃貸業,2017,180513
400万円以下,541042,不動産業，物品賃貸業,2017,153072
500万円以下,615367,不動産業，物品賃貸業,2017,137044
600万円以下,529638,不動産業，物品賃貸業,2017,96390
700万円以下,359550,不動産業，物品賃貸業,2017,55333
800万円以下,403433,不動産業，物品賃貸業,2017,54122
900万円以下,273689,不動産業，物品賃貸業,2017,32183
"1,000万円以下",263723,不動産業，物品賃貸業,2017,27608
"1,500万円以下",615975,不動産業，物品賃貸業,2017,51427
"2,000万円以下",136553,不動産業，物品賃貸業,2017,8061
"2,500万円以下",116724,不動産業，物品賃貸業,2017,5328
"2,500万円超",174674,不動産業，物品賃貸業,2017,4513
100万円以下,81009,不動産業，物品賃貸業,2016,103069
200万円以下,261159,不動産業，物品賃貸業,2016,181363
300万円以下,414355,不動産業，物品賃貸業,2016,164131
400万円以下,526577,不動産業，物品賃貸業,2016,149226
500万円以下,584821,不動産業，物品賃貸業,2016,129766
600万円以下,540181,不動産業，物品賃貸業,2016,97360
700万円以下,376316,不動産業，物品賃貸業,2016,57892
800万円以下,387304,不動産業，物品賃貸業,2016,51632
900万円以下,236482,不動産業，物品賃貸業,2016,27971
"1,000万円以下",279553,不動産業，物品賃貸業,2016,29431
"1,500万円以下",599712,不動産業，物品賃貸業,2016,51106
"2,000万円以下",176180,不動産業，物品賃貸業,2016,9996
"2,500万円以下",78548,不動産業，物品賃貸業,2016,3463
"2,500万円超",147903,不動産業，物品賃貸業,2016,3382
100万円以下,90680,不動産業，物品賃貸業,2015,117363
200万円以下,294148,不動産業，物品賃貸業,2015,205789
300万円以下,390099,不動産業，物品賃貸業,2015,154416
400万円以下,461204,不動産業，物品賃貸業,2015,130096
500万円以下,528260,不動産業，物品賃貸業,2015,117390
600万円以下,498937,不動産業，物品賃貸業,2015,90056
700万円以下,331128,不動産業，物品賃貸業,2015,50975
800万円以下,306534,不動産業，物品賃貸業,2015,41201
900万円以下,204271,不動産業，物品賃貸業,2015,24222
"1,000万円以下",206895,不動産業，物品賃貸業,2015,21796
"1,500万円以下",496962,不動産業，物品賃貸業,2015,41801
"2,000万円以下",199293,不動産業，物品賃貸業,2015,11590
"2,500万円以下",103591,不動産業，物品賃貸業,2015,4612
"2,500万円超",227730,不動産業，物品賃貸業,2015,5023
100万円以下,102490,不動産業，物品賃貸業,2014,133226
200万円以下,293690,不動産業，物品賃貸業,2014,202951
300万円以下,389688,不動産業，物品賃貸業,2014,153786
400万円以下,492829,不動産業，物品賃貸業,2014,140006
500万円以下,504514,不動産業，物品賃貸業,2014,111738
600万円以下,506762,不動産業，物品賃貸業,2014,91861
700万円以下,374648,不動産業，物品賃貸業,2014,57620
800万円以下,375778,不動産業，物品賃貸業,2014,50618
900万円以下,276683,不動産業，物品賃貸業,2014,32702
"1,000万円以下",228604,不動産業，物品賃貸業,2014,24123
"1,500万円以下",553669,不動産業，物品賃貸業,2014,46512
"2,000万円以下",200635,不動産業，物品賃貸業,2014,11571
"2,500万円以下",86234,不動産業，物品賃貸業,2014,3821
"2,500万円超",144133,不動産業，物品賃貸業,2014,3136
100万円以下,96819,運輸業，郵便業,2023,118670
200万円以下,333581,運輸業，郵便業,2023,226305
300万円以下,922017,運輸業，郵便業,2023,363942
400万円以下,2217478,運輸業，郵便業,2023,626231
500万円以下,3111894,運輸業，郵便業,2023,693476
600万円以下,2583174,運輸業，郵便業,2023,473055
700万円以下,1577286,運輸業，郵便業,2023,244800
800万円以下,1235611,運輸業，郵便業,2023,164799
900万円以下,686076,運輸業，郵便業,2023,81263
"1,000万円以下",613188,運輸業，郵便業,2023,65276
"1,500万円以下",1065233,運輸業，郵便業,2023,90297
"2,000万円以下",300996,運輸業，郵便業,2023,17693
"2,500万円以下",92097,運輸業，郵便業,2023,4154
"2,500万円超",182998,運輸業，郵便業,2023,5334
100万円以下,96953,運輸業，郵便業,2022,120763
200万円以下,370209,運輸業，郵便業,2022,253413
300万円以下,999991,運輸業，郵便業,2022,392731
400万円以下,2319313,運輸業，郵便業,2022,657427
500万円以下,2910835,運輸業，郵便業,2022,651147
600万円以下,2265943,運輸業，郵便業,2022,415153
700万円以下,1496686,運輸業，郵便業,2022,231650
800万円以下,1250233,運輸業，郵便業,2022,166651
900万円以下,1038864,運輸業，郵便業,2022,122996
"1,000万円以下",718513,運輸業，郵便業,2022,76263
"1,500万円以下",1410820,運輸業，郵便業,2022,121013
"2,000万円以下",268737,運輸業，郵便業,2022,15336
"2,500万円以下",86002,運輸業，郵便業,2022,3873
"2,500万円超",198678,運輸業，郵便業,2022,6133
100万円以下,138989,運輸業，郵便業,2021,168915
200万円以下,455600,運輸業，郵便業,2021,318022
300万円以下,1171090,運輸業，郵便業,2021,459048
400万円以下,2477239,運輸業，郵便業,2021,707231
500万円以下,3010536,運輸業，郵便業,2021,673668
600万円以下,2423329,運輸業，郵便業,2021,443257
700万円以下,1599558,運輸業，郵便業,2021,247634
800万円以下,985204,運輸業，郵便業,2021,131878
900万円以下,594334,運輸業，郵便業,2021,69948
"1,000万円以下",343820,運輸業，郵便業,2021,36042
"1,500万円以下",672532,運輸業，郵便業,2021,57746
"2,000万円以下",180375,運輸業，郵便業,2021,10348
"2,500万円以下",90420,運輸業，郵便業,2021,4031
"2,500万円超",143007,運輸業，郵便業,2021,4215
100万円以下,135618,運輸業，郵便業,2020,167170
200万円以下,481961,運輸業，郵便業,2020,326044
300万円以下,1085733,運輸業，郵便業,2020,426546
400万円以下,2465647,運輸業，郵便業,2020,699479
500万円以下,2842387,運輸業，郵便業,2020,635644
600万円以下,2420691,運輸業，郵便業,2020,443328
700万円以下,2041829,運輸業，郵便業,2020,317172
800万円以下,2166553,運輸業，郵便業,2020,291717
900万円以下,825026,運輸業，郵便業,2020,97003
"1,000万円以下",531921,運輸業，郵便業,2020,56121
"1,500万円以下",778196,運輸業，郵便業,2020,67430
"2,000万円以下",215375,運輸業，郵便業,2020,12657
"2,500万円以下",80674,運輸業，郵便業,2020,3673
"2,500万円超",164196,運輸業，郵便業,2020,4910
100万円以下,133320,運輸業，郵便業,2019,167218
200万円以下,500817,運輸業，郵便業,2019,339390
300万円以下,1163883,運輸業，郵便業,2019,457016
400万円以下,2593955,運輸業，郵便業,2019,737874
500万円以下,2704282,運輸業，郵便業,2019,604262
600万円以下,2215333,運輸業，郵便業,2019,404712
700万円以下,1632543,運輸業，郵便業,2019,252486
800万円以下,1013530,運輸業，郵便業,2019,135583
900万円以下,727066,運輸業，郵便業,2019,86139
"1,000万円以下",485599,運輸業，郵便業,2019,51378
"1,500万円以下",1058032,運輸業，郵便業,2019,90842
"2,000万円以下",176143,運輸業，郵便業,2019,10409
"2,500万円以下",61810,運輸業，郵便業,2019,2791
"2,500万円超",207758,運輸業，郵便業,2019,5951
100万円以下,124285,運輸業，郵便業,2018,154894
200万円以下,478485,運輸業，郵便業,2018,325131
300万円以下,1128507,運輸業，郵便業,2018,443309
400万円以下,2410861,運輸業，郵便業,2018,684464
500万円以下,3052455,運輸業，郵便業,2018,681023
600万円以下,2299093,運輸業，郵便業,2018,421304
700万円以下,1603936,運輸業，郵便業,2018,248189
800万円以下,1196868,運輸業，郵便業,2018,160151
900万円以下,905004,運輸業，郵便業,2018,107229
"1,000万円以下",596750,運輸業，郵便業,2018,63133
"1,500万円以下",886369,運輸業，郵便業,2018,76773
"2,000万円以下",196450,運輸業，郵便業,2018,11514
"2,500万円以下",69383,運輸業，郵便業,2018,3078
"2,500万円超",152185,運輸業，郵便業,2018,4309
100万円以下,89304,運輸業，郵便業,2017,107527
200万円以下,370091,運輸業，郵便業,2017,247158
300万円以下,1092143,運輸業，郵便業,2017,426593
400万円以下,2520467,運輸業，郵便業,2017,715977
500万円以下,2726667,運輸業，郵便業,2017,609814
600万円以下,2003012,運輸業，郵便業,2017,367607
700万円以下,1148244,運輸業，郵便業,2017,178096
800万円以下,746464,運輸業，郵便業,2017,100465
900万円以下,507332,運輸業，郵便業,2017,59979
"1,000万円以下",373391,運輸業，郵便業,2017,39316
"1,500万円以下",738464,運輸業，郵便業,2017,62925
"2,000万円以下",175823,運輸業，郵便業,2017,10182
"2,500万円以下",61747,運輸業，郵便業,2017,2760
"2,500万円超",182842,運輸業，郵便業,2017,5479
100万円以下,95415,運輸業，郵便業,2016,118705
200万円以下,404653,運輸業，郵便業,2016,266629
300万円以下,1102126,運輸業，郵便業,2016,430521
400万円以下,2195217,運輸業，郵便業,2016,625889
500万円以下,2486365,運輸業，郵便業,2016,555671
600万円以下,1677347,運輸業，郵便業,2016,307757
700万円以下,1058966,運輸業，郵便業,2016,163847
800万円以下,837602,運輸業，郵便業,2016,112384
900万円以下,532750,運輸業，郵便業,2016,63119
"1,000万円以下",384254,運輸業，郵便業,2016,40460
"1,500万円以下",627608,運輸業，郵便業,2016,53408
"2,000万円以下",196856,運輸業，郵便業,2016,11372
"2,500万円以下",32251,運輸業，郵便業,2016,1438
"2,500万円超",119953,運輸業，郵便業,2016,3521
100万円以下,96893,運輸業，郵便業,2015,119600
200万円以下,411516,運輸業，郵便業,2015,275161
300万円以下,1184854,運輸業，郵便業,2015,466508
400万円以下,2330897,運輸業，郵便業,2015,663163
500万円以下,2411078,運輸業，郵便業,2015,538973
600万円以下,1879403,運輸業，郵便業,2015,344721
700万円以下,1073464,運輸業，郵便業,2015,166392
800万円以下,672083,運輸業，郵便業,2015,89949
900万円以下,509515,運輸業，郵便業,2015,60268
"1,000万円以下",359168,運輸業，郵便業,2015,37926
"1,500万円以下",696620,運輸業，郵便業,2015,59499
"2,000万円以下",208215,運輸業，郵便業,2015,12332
"2,500万円以下",44349,運輸業，郵便業,2015,1986
"2,500万円超",113000,運輸業，郵便業,2015,3192
100万円以下,94065,運輸業，郵便業,2014,118429
200万円以下,428045,運輸業，郵便業,2014,286110
300万円以下,1270074,運輸業，郵便業,2014,497112
400万円以下,2277071,運輸業，郵便業,2014,649643
500万円以下,2310675,運輸業，郵便業,2014,516701
600万円以下,1589490,運輸業，郵便業,2014,291242
700万円以下,1016483,運輸業，郵便業,2014,157136
800万円以下,820960,運輸業，郵便業,2014,110235
900万円以下,538641,運輸業，郵便業,2014,63513
"1,000万円以下",409855,運輸業，郵便業,2014,43450
"1,500万円以下",797078,運輸業，郵便業,2014,68092
"2,000万円以下",129400,運輸業，郵便業,2014,7746
"2,500万円以下",112169,運輸業，郵便業,2014,5157
"2,500万円超",91637,運輸業，郵便業,2014,2791
100万円以下,716,電気･ガス･熱供給・水道業,2023,859
200万円以下,3399,電気･ガス･熱供給・水道業,2023,2344
300万円以下,13361,電気･ガス･熱供給・水道業,2023,5071
400万円以下,30187,電気･ガス･熱供給・水道業,2023,8669
500万円以下,81030,電気･ガス･熱供給・水道業,2023,17838
600万円以下,131526,電気･ガス･熱供給・水道業,2023,23740
700万円以下,145872,電気･ガス･熱供給・水道業,2023,22779
800万円以下,129389,電気･ガス･熱供給・水道業,2023,17245
900万円以下,117797,電気･ガス･熱供給・水道業,2023,13963
"1,000万円以下",132271,電気･ガス･熱供給・水道業,2023,13895
"1,500万円以下",417105,電気･ガス･熱供給・水道業,2023,35813
"2,000万円以下",73144,電気･ガス･熱供給・水道業,2023,4428
"2,500万円以下",7315,電気･ガス･熱供給・水道業,2023,337
"2,500万円超",13604,電気･ガス･熱供給・水道業,2023,361
100万円以下,1418,電気･ガス･熱供給・水道業,2022,1701
200万円以下,12820,電気･ガス･熱供給・水道業,2022,9097
300万円以下,4455,電気･ガス･熱供給・水道業,2022,1955
400万円以下,34293,電気･ガス･熱供給・水道業,2022,9590
500万円以下,75282,電気･ガス･熱供給・水道業,2022,16722
600万円以下,91785,電気･ガス･熱供給・水道業,2022,16826
700万円以下,197900,電気･ガス･熱供給・水道業,2022,30672
800万円以下,132693,電気･ガス･熱供給・水道業,2022,17671
900万円以下,259105,電気･ガス･熱供給・水道業,2022,30702
"1,000万円以下",133367,電気･ガス･熱供給・水道業,2022,14087
"1,500万円以下",359318,電気･ガス･熱供給・水道業,2022,31286
"2,000万円以下",56656,電気･ガス･熱供給・水道業,2022,3432
"2,500万円以下",5733,電気･ガス･熱供給・水道業,2022,260
"2,500万円超",12761,電気･ガス･熱供給・水道業,2022,354
100万円以下,220,電気･ガス･熱供給・水道業,2021,238
200万円以下,6274,電気･ガス･熱供給・水道業,2021,3874
300万円以下,10486,電気･ガス･熱供給・水道業,2021,4259
400万円以下,40403,電気･ガス･熱供給・水道業,2021,11155
500万円以下,77535,電気･ガス･熱供給・水道業,2021,17258
600万円以下,107461,電気･ガス･熱供給・水道業,2021,19698
700万円以下,166563,電気･ガス･熱供給・水道業,2021,25891
800万円以下,122481,電気･ガス･熱供給・水道業,2021,16331
900万円以下,151430,電気･ガス･熱供給・水道業,2021,17742
"1,000万円以下",139801,電気･ガス･熱供給・水道業,2021,14821
"1,500万円以下",529378,電気･ガス･熱供給・水道業,2021,45118
"2,000万円以下",45667,電気･ガス･熱供給・水道業,2021,2759
"2,500万円以下",5933,電気･ガス･熱供給・水道業,2021,270
"2,500万円超",13394,電気･ガス･熱供給・水道業,2021,390
100万円以下,354,電気･ガス･熱供給・水道業,2020,370
200万円以下,5634,電気･ガス･熱供給・水道業,2020,3640
300万円以下,20230,電気･ガス･熱供給・水道業,2020,8069
400万円以下,39140,電気･ガス･熱供給・水道業,2020,10985
500万円以下,75969,電気･ガス･熱供給・水道業,2020,16939
600万円以下,99614,電気･ガス･熱供給・水道業,2020,18099
700万円以下,240602,電気･ガス･熱供給・水道業,2020,37051
800万円以下,154565,電気･ガス･熱供給・水道業,2020,20615
900万円以下,133512,電気･ガス･熱供給・水道業,2020,15789
"1,000万円以下",163139,電気･ガス･熱供給・水道業,2020,17177
"1,500万円以下",405085,電気･ガス･熱供給・水道業,2020,34378
"2,000万円以下",20940,電気･ガス･熱供給・水道業,2020,1226
"2,500万円以下",6626,電気･ガス･熱供給・水道業,2020,296
"2,500万円超",10013,電気･ガス･熱供給・水道業,2020,282
100万円以下,275,電気･ガス･熱供給・水道業,2019,279
200万円以下,2496,電気･ガス･熱供給・水道業,2019,1629
300万円以下,2404,電気･ガス･熱供給・水道業,2019,910
400万円以下,32795,電気･ガス･熱供給・水道業,2019,8911
500万円以下,52739,電気･ガス･熱供給・水道業,2019,11671
600万円以下,69937,電気･ガス･熱供給・水道業,2019,12602
700万円以下,160961,電気･ガス･熱供給・水道業,2019,24843
800万円以下,138576,電気･ガス･熱供給・水道業,2019,18229
900万円以下,184285,電気･ガス･熱供給・水道業,2019,21695
"1,000万円以下",147096,電気･ガス･熱供給・水道業,2019,15565
"1,500万円以下",518774,電気･ガス･熱供給・水道業,2019,44148
"2,000万円以下",38590,電気･ガス･熱供給・水道業,2019,2344
"2,500万円以下",5376,電気･ガス･熱供給・水道業,2019,249
"2,500万円超",9636,電気･ガス･熱供給・水道業,2019,289
100万円以下,597,電気･ガス･熱供給・水道業,2018,675
200万円以下,3874,電気･ガス･熱供給・水道業,2018,2552
300万円以下,9241,電気･ガス･熱供給・水道業,2018,3669
400万円以下,38941,電気･ガス･熱供給・水道業,2018,11038
500万円以下,67652,電気･ガス･熱供給・水道業,2018,15104
600万円以下,96573,電気･ガス･熱供給・水道業,2018,17522
700万円以下,176257,電気･ガス･熱供給・水道業,2018,27164
800万円以下,156723,電気･ガス･熱供給・水道業,2018,20949
900万円以下,150104,電気･ガス･熱供給・水道業,2018,17685
"1,000万円以下",169075,電気･ガス･熱供給・水道業,2018,17866
"1,500万円以下",412993,電気･ガス･熱供給・水道業,2018,35314
"2,000万円以下",34946,電気･ガス･熱供給・水道業,2018,2149
"2,500万円以下",5928,電気･ガス･熱供給・水道業,2018,274
"2,500万円超",9042,電気･ガス･熱供給・水道業,2018,253
100万円以下,208,電気･ガス･熱供給・水道業,2017,257
200万円以下,6954,電気･ガス･熱供給・水道業,2017,4992
300万円以下,9417,電気･ガス･熱供給・水道業,2017,3839
400万円以下,35528,電気･ガス･熱供給・水道業,2017,9873
500万円以下,78990,電気･ガス･熱供給・水道業,2017,17424
600万円以下,110497,電気･ガス･熱供給・水道業,2017,20081
700万円以下,196542,電気･ガス･熱供給・水道業,2017,30396
800万円以下,163634,電気･ガス･熱供給・水道業,2017,21813
900万円以下,195530,電気･ガス･熱供給・水道業,2017,22966
"1,000万円以下",156739,電気･ガス･熱供給・水道業,2017,16606
"1,500万円以下",412410,電気･ガス･熱供給・水道業,2017,35829
"2,000万円以下",41121,電気･ガス･熱供給・水道業,2017,2499
"2,500万円以下",5428,電気･ガス･熱供給・水道業,2017,252
"2,500万円超",13163,電気･ガス･熱供給・水道業,2017,399
100万円以下,10,電気･ガス･熱供給・水道業,2016,11
200万円以下,2051,電気･ガス･熱供給・水道業,2016,1409
300万円以下,6382,電気･ガス･熱供給・水道業,2016,2462
400万円以下,42941,電気･ガス･熱供給・水道業,2016,11848
500万円以下,76176,電気･ガス･熱供給・水道業,2016,16933
600万円以下,126305,電気･ガス･熱供給・水道業,2016,22925
700万円以下,149052,電気･ガス･熱供給・水道業,2016,23177
800万円以下,159121,電気･ガス･熱供給・水道業,2016,21232
900万円以下,214007,電気･ガス･熱供給・水道業,2016,25107
"1,000万円以下",178770,電気･ガス･熱供給・水道業,2016,18928
"1,500万円以下",401933,電気･ガス･熱供給・水道業,2016,34843
"2,000万円以下",44187,電気･ガス･熱供給・水道業,2016,2598
"2,500万円以下",5509,電気･ガス･熱供給・水道業,2016,253
"2,500万円超",6530,電気･ガス･熱供給・水道業,2016,171
100万円以下,305,電気･ガス･熱供給・水道業,2015,317
200万円以下,5570,電気･ガス･熱供給・水道業,2015,3455
300万円以下,19303,電気･ガス･熱供給・水道業,2015,7679
400万円以下,67145,電気･ガス･熱供給・水道業,2015,18845
500万円以下,94248,電気･ガス･熱供給・水道業,2015,20776
600万円以下,134642,電気･ガス･熱供給・水道業,2015,24642
700万円以下,190698,電気･ガス･熱供給・水道業,2015,29589
800万円以下,183821,電気･ガス･熱供給・水道業,2015,24498
900万円以下,216278,電気･ガス･熱供給・水道業,2015,25445
"1,000万円以下",236673,電気･ガス･熱供給・水道業,2015,24976
"1,500万円以下",354046,電気･ガス･熱供給・水道業,2015,31087
"2,000万円以下",36185,電気･ガス･熱供給・水道業,2015,2299
"2,500万円以下",7024,電気･ガス･熱供給・水道業,2015,329
"2,500万円超",11241,電気･ガス･熱供給・水道業,2015,339
100万円以下,3407,電気･ガス･熱供給・水道業,2014,3710
200万円以下,12575,電気･ガス･熱供給・水道業,2014,7813
300万円以下,27965,電気･ガス･熱供給・水道業,2014,11047
400万円以下,82301,電気･ガス･熱供給・水道業,2014,23482
500万円以下,115376,電気･ガス･熱供給・水道業,2014,25542
600万円以下,140551,電気･ガス･熱供給・水道業,2014,25529
700万円以下,172422,電気･ガス･熱供給・水道業,2014,26617
800万円以下,209137,電気･ガス･熱供給・水道業,2014,27910
900万円以下,209232,電気･ガス･熱供給・水道業,2014,24595
"1,000万円以下",257037,電気･ガス･熱供給・水道業,2014,27277
"1,500万円以下",297305,電気･ガス･熱供給・水道業,2014,26334
"2,000万円以下",28620,電気･ガス･熱供給・水道業,2014,1753
"2,500万円以下",3313,電気･ガス･熱供給・水道業,2014,154
"2,500万円超",5089,電気･ガス･熱供給・水道業,2014,143
100万円以下,16804,情報通信業,2023,19233
200万円以下,115614,情報通信業,2023,76806
300万円以下,348270,情報通信業,2023,134740
400万円以下,954639,情報通信業,2023,270511
500万円以下,1542528,情報通信業,2023,341711
600万円以下,1661334,情報通信業,2023,301653
700万円以下,1831558,情報通信業,2023,282946
800万円以下,1561102,情報通信業,2023,208701
900万円以下,1224528,情報通信業,2023,144179
"1,000万円以下",1177492,情報通信業,2023,124360
"1,500万円以下",2364002,情報通信業,2023,200004
"2,000万円以下",715751,情報通信業,2023,42349
"2,500万円以下",193689,情報通信業,2023,8770
"2,500万円超",346675,情報通信業,2023,8791
100万円以下,20768,情報通信業,2022,23444
200万円以下,99995,情報通信業,2022,65050
300万円以下,371176,情報通信業,2022,142520
400万円以下,1076404,情報通信業,2022,303752
500万円以下,1608714,情報通信業,2022,357717
600万円以下,1645703,情報通信業,2022,299666
700万円以下,1581839,情報通信業,2022,244036
800万円以下,1289610,情報通信業,2022,172299
900万円以下,1293978,情報通信業,2022,152236
"1,000万円以下",1047172,情報通信業,2022,110643
"1,500万円以下",2188772,情報通信業,2022,185946
"2,000万円以下",572832,情報通信業,2022,34164
"2,500万円以下",175591,情報通信業,2022,7991
"2,500万円超",359123,情報通信業,2022,8545
100万円以下,23025,情報通信業,2021,26446
200万円以下,89985,情報通信業,2021,60702
300万円以下,367554,情報通信業,2021,143411
400万円以下,1033858,情報通信業,2021,293679
500万円以下,1479576,情報通信業,2021,330754
600万円以下,1579106,情報通信業,2021,288016
700万円以下,1408423,情報通信業,2021,217248
800万円以下,1341972,情報通信業,2021,179176
900万円以下,1044637,情報通信業,2021,123453
"1,000万円以下",951154,情報通信業,2021,100568
"1,500万円以下",1982352,情報通信業,2021,167954
"2,000万円以下",494772,情報通信業,2021,29119
"2,500万円以下",130461,情報通信業,2021,5934
"2,500万円超",302595,情報通信業,2021,7238
100万円以下,23049,情報通信業,2020,26358
200万円以下,117729,情報通信業,2020,77907
300万円以下,382569,情報通信業,2020,147509
400万円以下,1016915,情報通信業,2020,288467
500万円以下,1370008,情報通信業,2020,305043
600万円以下,1418428,情報通信業,2020,258371
700万円以下,1340481,情報通信業,2020,206529
800万円以下,1247041,情報通信業,2020,166735
900万円以下,1013147,情報通信業,2020,119417
"1,000万円以下",775120,情報通信業,2020,81737
"1,500万円以下",1797241,情報通信業,2020,153433
"2,000万円以下",490178,情報通信業,2020,28227
"2,500万円以下",134757,情報通信業,2020,6091
"2,500万円超",249411,情報通信業,2020,6358
100万円以下,27203,情報通信業,2019,30257
200万円以下,119817,情報通信業,2019,79617
300万円以下,418045,情報通信業,2019,164291
400万円以下,911591,情報通信業,2019,258609
500万円以下,1470503,情報通信業,2019,327540
600万円以下,1407323,情報通信業,2019,256269
700万円以下,1330430,情報通信業,2019,205258
800万円以下,1093431,情報通信業,2019,146093
900万円以下,908122,情報通信業,2019,107399
"1,000万円以下",738292,情報通信業,2019,78013
"1,500万円以下",1681762,情報通信業,2019,143224
"2,000万円以下",719389,情報通信業,2019,42259
"2,500万円以下",181362,情報通信業,2019,8168
"2,500万円超",284349,情報通信業,2019,5970
100万円以下,20708,情報通信業,2018,23645
200万円以下,114334,情報通信業,2018,76085
300万円以下,376672,情報通信業,2018,146238
400万円以下,932153,情報通信業,2018,265770
500万円以下,1243201,情報通信業,2018,277311
600万円以下,1477098,情報通信業,2018,268475
700万円以下,1226606,情報通信業,2018,189561
800万円以下,1152075,情報通信業,2018,154067
900万円以下,986428,情報通信業,2018,116462
"1,000万円以下",715859,情報通信業,2018,75429
"1,500万円以下",1600529,情報通信業,2018,135920
"2,000万円以下",557838,情報通信業,2018,32230
"2,500万円以下",143965,情報通信業,2018,6543
"2,500万円超",298667,情報通信業,2018,6187
100万円以下,26228,情報通信業,2017,29665
200万円以下,114938,情報通信業,2017,76174
300万円以下,421865,情報通信業,2017,164527
400万円以下,911708,情報通信業,2017,257277
500万円以下,1246611,情報通信業,2017,277547
600万円以下,1428306,情報通信業,2017,260565
700万円以下,1344839,情報通信業,2017,207966
800万円以下,1202558,情報通信業,2017,160748
900万円以下,992759,情報通信業,2017,117292
"1,000万円以下",692532,情報通信業,2017,72945
"1,500万円以下",1564004,情報通信業,2017,132841
"2,000万円以下",555778,情報通信業,2017,32281
"2,500万円以下",138621,情報通信業,2017,6249
"2,500万円超",246442,情報通信業,2017,6371
100万円以下,24216,情報通信業,2016,27578
200万円以下,133091,情報通信業,2016,86515
300万円以下,391224,情報通信業,2016,152360
400万円以下,930902,情報通信業,2016,264373
500万円以下,1234162,情報通信業,2016,274106
600万円以下,1209430,情報通信業,2016,220100
700万円以下,1135723,情報通信業,2016,175165
800万円以下,980171,情報通信業,2016,131286
900万円以下,788057,情報通信業,2016,93011
"1,000万円以下",612113,情報通信業,2016,64653
"1,500万円以下",1366309,情報通信業,2016,115547
"2,000万円以下",475436,情報通信業,2016,27665
"2,500万円以下",112135,情報通信業,2016,5082
"2,500万円超",192348,情報通信業,2016,5019
100万円以下,29151,情報通信業,2015,33002
200万円以下,124446,情報通信業,2015,81971
300万円以下,408121,情報通信業,2015,162027
400万円以下,843052,情報通信業,2015,238808
500万円以下,1146193,情報通信業,2015,254342
600万円以下,1275419,情報通信業,2015,232257
700万円以下,1155553,情報通信業,2015,177967
800万円以下,1079239,情報通信業,2015,144499
900万円以下,861926,情報通信業,2015,101648
"1,000万円以下",708145,情報通信業,2015,74482
"1,500万円以下",1371549,情報通信業,2015,116953
"2,000万円以下",432623,情報通信業,2015,25541
"2,500万円以下",93899,情報通信業,2015,4229
"2,500万円超",139894,情報通信業,2015,3585
100万円以下,19610,情報通信業,2014,22250
200万円以下,126366,情報通信業,2014,83913
300万円以下,370946,情報通信業,2014,145612
400万円以下,848345,情報通信業,2014,240976
500万円以下,1267471,情報通信業,2014,280189
600万円以下,1411081,情報通信業,2014,256635
700万円以下,1195061,情報通信業,2014,184434
800万円以下,1047694,情報通信業,2014,140157
900万円以下,967296,情報通信業,2014,114542
"1,000万円以下",640238,情報通信業,2014,67819
"1,500万円以下",1618249,情報通信業,2014,137077
"2,000万円以下",505402,情報通信業,2014,29640
"2,500万円以下",161785,情報通信業,2014,7235
"2,500万円超",167186,情報通信業,2014,4162
100万円以下,103577,学術研究，専門・技術サービス業，教育，学習支援業,2023,120660
200万円以下,387684,学術研究，専門・技術サービス業，教育，学習支援業,2023,269962
300万円以下,613525,学術研究，専門・技術サービス業，教育，学習支援業,2023,242800
400万円以下,1240820,学術研究，専門・技術サービス業，教育，学習支援業,2023,351302
500万円以下,1509108,学術研究，専門・技術サービス業，教育，学習支援業,2023,335809
600万円以下,1584450,学術研究，専門・技術サービス業，教育，学習支援業,2023,288708
700万円以下,1312399,学術研究，専門・技術サービス業，教育，学習支援業,2023,202422
800万円以下,1137261,学術研究，専門・技術サービス業，教育，学習支援業,2023,152477
900万円以下,1037337,学術研究，専門・技術サービス業，教育，学習支援業,2023,122258
"1,000万円以下",846294,学術研究，専門・技術サービス業，教育，学習支援業,2023,89063
"1,500万円以下",2517815,学術研究，専門・技術サービス業，教育，学習支援業,2023,210186
"2,000万円以下",549568,学術研究，専門・技術サービス業，教育，学習支援業,2023,31820
"2,500万円以下",189928,学術研究，専門・技術サービス業，教育，学習支援業,2023,8573
"2,500万円超",374501,学術研究，専門・技術サービス業，教育，学習支援業,2023,6872
100万円以下,107602,学術研究，専門・技術サービス業，教育，学習支援業,2022,125672
200万円以下,399993,学術研究，専門・技術サービス業，教育，学習支援業,2022,277520
300万円以下,589398,学術研究，専門・技術サービス業，教育，学習支援業,2022,233704
400万円以下,1189413,学術研究，専門・技術サービス業，教育，学習支援業,2022,337361
500万円以下,1563510,学術研究，専門・技術サービス業，教育，学習支援業,2022,347920
600万円以下,1505595,学術研究，専門・技術サービス業，教育，学習支援業,2022,273900
700万円以下,1339103,学術研究，専門・技術サービス業，教育，学習支援業,2022,206281
800万円以下,1191448,学術研究，専門・技術サービス業，教育，学習支援業,2022,159881
900万円以下,1054555,学術研究，専門・技術サービス業，教育，学習支援業,2022,124119
"1,000万円以下",901224,学術研究，専門・技術サービス業，教育，学習支援業,2022,95369
"1,500万円以下",2230850,学術研究，専門・技術サービス業，教育，学習支援業,2022,192846
"2,000万円以下",627657,学術研究，専門・技術サービス業，教育，学習支援業,2022,37349
"2,500万円以下",168919,学術研究，専門・技術サービス業，教育，学習支援業,2022,7573
"2,500万円超",334251,学術研究，専門・技術サービス業，教育，学習支援業,2022,7069
100万円以下,107211,学術研究，専門・技術サービス業，教育，学習支援業,2021,124443
200万円以下,367542,学術研究，専門・技術サービス業，教育，学習支援業,2021,258182
300万円以下,646403,学術研究，専門・技術サービス業，教育，学習支援業,2021,253352
400万円以下,1301577,学術研究，専門・技術サービス業，教育，学習支援業,2021,367498
500万円以下,1405769,学術研究，専門・技術サービス業，教育，学習支援業,2021,313944
600万円以下,1433912,学術研究，専門・技術サービス業，教育，学習支援業,2021,261194
700万円以下,1196390,学術研究，専門・技術サービス業，教育，学習支援業,2021,184834
800万円以下,952954,学術研究，専門・技術サービス業，教育，学習支援業,2021,127751
900万円以下,888899,学術研究，専門・技術サービス業，教育，学習支援業,2021,104660
"1,000万円以下",708102,学術研究，専門・技術サービス業，教育，学習支援業,2021,74719
"1,500万円以下",1997613,学術研究，専門・技術サービス業，教育，学習支援業,2021,166908
"2,000万円以下",500010,学術研究，専門・技術サービス業，教育，学習支援業,2021,29163
"2,500万円以下",173673,学術研究，専門・技術サービス業，教育，学習支援業,2021,7927
"2,500万円超",312756,学術研究，専門・技術サービス業，教育，学習支援業,2021,7917
100万円以下,127194,学術研究，専門・技術サービス業，教育，学習支援業,2020,149354
200万円以下,424085,学術研究，専門・技術サービス業，教育，学習支援業,2020,300329
300万円以下,661502,学術研究，専門・技術サービス業，教育，学習支援業,2020,260228
400万円以下,1170327,学術研究，専門・技術サービス業，教育，学習支援業,2020,334696
500万円以下,1427359,学術研究，専門・技術サービス業，教育，学習支援業,2020,318361
600万円以下,1476429,学術研究，専門・技術サービス業，教育，学習支援業,2020,270772
700万円以下,1148984,学術研究，専門・技術サービス業，教育，学習支援業,2020,177577
800万円以下,1002269,学術研究，専門・技術サービス業，教育，学習支援業,2020,134349
900万円以下,869459,学術研究，専門・技術サービス業，教育，学習支援業,2020,102370
"1,000万円以下",760592,学術研究，専門・技術サービス業，教育，学習支援業,2020,80060
"1,500万円以下",2038883,学術研究，専門・技術サービス業，教育，学習支援業,2020,171379
"2,000万円以下",447693,学術研究，専門・技術サービス業，教育，学習支援業,2020,26024
"2,500万円以下",123381,学術研究，専門・技術サービス業，教育，学習支援業,2020,5554
"2,500万円超",232071,学術研究，専門・技術サービス業，教育，学習支援業,2020,5806
100万円以下,128385,学術研究，専門・技術サービス業，教育，学習支援業,2019,151313
200万円以下,363996,学術研究，専門・技術サービス業，教育，学習支援業,2019,256710
300万円以下,699961,学術研究，専門・技術サービス業，教育，学習支援業,2019,276190
400万円以下,1266157,学術研究，専門・技術サービス業，教育，学習支援業,2019,361544
500万円以下,1401171,学術研究，専門・技術サービス業，教育，学習支援業,2019,312305
600万円以下,1379911,学術研究，専門・技術サービス業，教育，学習支援業,2019,251696
700万円以下,1140458,学術研究，専門・技術サービス業，教育，学習支援業,2019,176248
800万円以下,1117955,学術研究，専門・技術サービス業，教育，学習支援業,2019,149318
900万円以下,874393,学術研究，専門・技術サービス業，教育，学習支援業,2019,102890
"1,000万円以下",844535,学術研究，専門・技術サービス業，教育，学習支援業,2019,89165
"1,500万円以下",2165009,学術研究，専門・技術サービス業，教育，学習支援業,2019,181710
"2,000万円以下",607968,学術研究，専門・技術サービス業，教育，学習支援業,2019,36123
"2,500万円以下",139347,学術研究，専門・技術サービス業，教育，学習支援業,2019,6267
"2,500万円超",209657,学術研究，専門・技術サービス業，教育，学習支援業,2019,5251
100万円以下,98242,学術研究，専門・技術サービス業，教育，学習支援業,2018,113392
200万円以下,311353,学術研究，専門・技術サービス業，教育，学習支援業,2018,220440
300万円以下,570504,学術研究，専門・技術サービス業，教育，学習支援業,2018,224611
400万円以下,1020134,学術研究，専門・技術サービス業，教育，学習支援業,2018,290378
500万円以下,1170645,学術研究，専門・技術サービス業，教育，学習支援業,2018,261994
600万円以下,1100341,学術研究，専門・技術サービス業，教育，学習支援業,2018,200813
700万円以下,1008337,学術研究，専門・技術サービス業，教育，学習支援業,2018,156173
800万円以下,876212,学術研究，専門・技術サービス業，教育，学習支援業,2018,117432
900万円以下,694178,学術研究，専門・技術サービス業，教育，学習支援業,2018,81964
"1,000万円以下",593387,学術研究，専門・技術サービス業，教育，学習支援業,2018,62584
"1,500万円以下",1631019,学術研究，専門・技術サービス業，教育，学習支援業,2018,136755
"2,000万円以下",297945,学術研究，専門・技術サービス業，教育，学習支援業,2018,17689
"2,500万円以下",85462,学術研究，専門・技術サービス業，教育，学習支援業,2018,3812
"2,500万円超",145560,学術研究，専門・技術サービス業，教育，学習支援業,2018,3721
100万円以下,94511,学術研究，専門・技術サービス業，教育，学習支援業,2017,110181
200万円以下,310927,学術研究，専門・技術サービス業，教育，学習支援業,2017,214578
300万円以下,619694,学術研究，専門・技術サービス業，教育，学習支援業,2017,243987
400万円以下,1046250,学術研究，専門・技術サービス業，教育，学習支援業,2017,298023
500万円以下,1198434,学術研究，専門・技術サービス業，教育，学習支援業,2017,266413
600万円以下,1130393,学術研究，専門・技術サービス業，教育，学習支援業,2017,205930
700万円以下,1029986,学術研究，専門・技術サービス業，教育，学習支援業,2017,158674
800万円以下,922899,学術研究，専門・技術サービス業，教育，学習支援業,2017,123929
900万円以下,787595,学術研究，専門・技術サービス業，教育，学習支援業,2017,92925
"1,000万円以下",672415,学術研究，専門・技術サービス業，教育，学習支援業,2017,70860
"1,500万円以下",1672173,学術研究，専門・技術サービス業，教育，学習支援業,2017,141534
"2,000万円以下",393466,学術研究，専門・技術サービス業，教育，学習支援業,2017,23389
"2,500万円以下",119654,学術研究，専門・技術サービス業，教育，学習支援業,2017,5360
"2,500万円超",123046,学術研究，専門・技術サービス業，教育，学習支援業,2017,3208
100万円以下,100885,学術研究，専門・技術サービス業，教育，学習支援業,2016,116727
200万円以下,369693,学術研究，専門・技術サービス業，教育，学習支援業,2016,253489
300万円以下,670553,学術研究，専門・技術サービス業，教育，学習支援業,2016,263998
400万円以下,1160467,学術研究，専門・技術サービス業，教育，学習支援業,2016,332735
500万円以下,1197973,学術研究，専門・技術サービス業，教育，学習支援業,2016,266520
600万円以下,1139975,学術研究，専門・技術サービス業，教育，学習支援業,2016,207692
700万円以下,995814,学術研究，専門・技術サービス業，教育，学習支援業,2016,153644
800万円以下,911251,学術研究，専門・技術サービス業，教育，学習支援業,2016,121533
900万円以下,732206,学術研究，専門・技術サービス業，教育，学習支援業,2016,86417
"1,000万円以下",756888,学術研究，専門・技術サービス業，教育，学習支援業,2016,79864
"1,500万円以下",1727197,学術研究，専門・技術サービス業，教育，学習支援業,2016,144790
"2,000万円以下",381129,学術研究，専門・技術サービス業，教育，学習支援業,2016,22681
"2,500万円以下",117373,学術研究，専門・技術サービス業，教育，学習支援業,2016,5483
"2,500万円超",134497,学術研究，専門・技術サービス業，教育，学習支援業,2016,3390
100万円以下,83324,学術研究，専門・技術サービス業，教育，学習支援業,2015,98110
200万円以下,312519,学術研究，専門・技術サービス業，教育，学習支援業,2015,214056
300万円以下,570141,学術研究，専門・技術サービス業，教育，学習支援業,2015,224562
400万円以下,1003942,学術研究，専門・技術サービス業，教育，学習支援業,2015,289302
500万円以下,1026546,学術研究，専門・技術サービス業，教育，学習支援業,2015,228612
600万円以下,1093785,学術研究，専門・技術サービス業，教育，学習支援業,2015,198739
700万円以下,916309,学術研究，専門・技術サービス業，教育，学習支援業,2015,141204
800万円以下,808997,学術研究，専門・技術サービス業，教育，学習支援業,2015,108324
900万円以下,677425,学術研究，専門・技術サービス業，教育，学習支援業,2015,80270
"1,000万円以下",578311,学術研究，専門・技術サービス業，教育，学習支援業,2015,61207
"1,500万円以下",1671667,学術研究，専門・技術サービス業，教育，学習支援業,2015,141576
"2,000万円以下",286865,学術研究，専門・技術サービス業，教育，学習支援業,2015,17106
"2,500万円以下",65131,学術研究，専門・技術サービス業，教育，学習支援業,2015,2991
"2,500万円超",96777,学術研究，専門・技術サービス業，教育，学習支援業,2015,2538
100万円以下,81778,学術研究，専門・技術サービス業，教育，学習支援業,2014,94654
200万円以下,298101,学術研究，専門・技術サービス業，教育，学習支援業,2014,205271
300万円以下,613885,学術研究，専門・技術サービス業，教育，学習支援業,2014,241852
400万円以下,984636,学術研究，専門・技術サービス業，教育，学習支援業,2014,281481
500万円以下,1021440,学術研究，専門・技術サービス業，教育，学習支援業,2014,227007
600万円以下,1067711,学術研究，専門・技術サービス業，教育，学習支援業,2014,195098
700万円以下,951962,学術研究，専門・技術サービス業，教育，学習支援業,2014,146318
800万円以下,916333,学術研究，専門・技術サービス業，教育，学習支援業,2014,122551
900万円以下,730382,学術研究，専門・技術サービス業，教育，学習支援業,2014,86332
"1,000万円以下",585928,学術研究，専門・技術サービス業，教育，学習支援業,2014,61849
"1,500万円以下",1798772,学術研究，専門・技術サービス業，教育，学習支援業,2014,151623
"2,000万円以下",309157,学術研究，専門・技術サービス業，教育，学習支援業,2014,18363
"2,500万円以下",74563,学術研究，専門・技術サービス業，教育，学習支援業,2014,3346
"2,500万円超",157280,学術研究，専門・技術サービス業，教育，学習支援業,2014,3895
100万円以下,406641,医療，福祉,2023,469019
200万円以下,1561414,医療，福祉,2023,1106769
300万円以下,3037148,医療，福祉,2023,1192518
400万円以下,6090400,医療，福祉,2023,1737916
500万円以下,6073874,医療，福祉,2023,1365369
600万円以下,3770996,医療，福祉,2023,692448
700万円以下,2191661,医療，福祉,2023,340579
800万円以下,1061527,医療，福祉,2023,143021
900万円以下,725058,医療，福祉,2023,85597
"1,000万円以下",503151,医療，福祉,2023,52683
"1,500万円以下",994169,医療，福祉,2023,81175
"2,000万円以下",1214143,医療，福祉,2023,68127
"2,500万円以下",749818,医療，福祉,2023,33730
"2,500万円超",1515199,医療，福祉,2023,37277
100万円以下,380806,医療，福祉,2022,439175
200万円以下,1540104,医療，福祉,2022,1100190
300万円以下,3113525,医療，福祉,2022,1220427
400万円以下,6009166,医療，福祉,2022,1710105
500万円以下,6204112,医療，福祉,2022,1394622
600万円以下,3802344,医療，福祉,2022,698794
700万円以下,2112030,医療，福祉,2022,328029
800万円以下,1193222,医療，福祉,2022,159567
900万円以下,686220,医療，福祉,2022,81237
"1,000万円以下",412270,医療，福祉,2022,43392
"1,500万円以下",1208834,医療，福祉,2022,98755
"2,000万円以下",1328775,医療，福祉,2022,74836
"2,500万円以下",738301,医療，福祉,2022,33177
"2,500万円超",1587868,医療，福祉,2022,39092
100万円以下,425038,医療，福祉,2021,487637
200万円以下,1580001,医療，福祉,2021,1124630
300万円以下,3233580,医療，福祉,2021,1261610
400万円以下,6209587,医療，福祉,2021,1770287
500万円以下,5729343,医療，福祉,2021,1286686
600万円以下,3536677,医療，福祉,2021,649356
700万円以下,1963323,医療，福祉,2021,304470
800万円以下,1125174,医療，福祉,2021,151347
900万円以下,563440,医療，福祉,2021,66371
"1,000万円以下",379958,医療，福祉,2021,39965
"1,500万円以下",1202806,医療，福祉,2021,98818
"2,000万円以下",1483867,医療，福祉,2021,82857
"2,500万円以下",816220,医療，福祉,2021,36653
"2,500万円超",1578376,医療，福祉,2021,37918
100万円以下,382106,医療，福祉,2020,440462
200万円以下,1442291,医療，福祉,2020,1015438
300万円以下,3102457,医療，福祉,2020,1217280
400万円以下,5644864,医療，福祉,2020,1610472
500万円以下,5303608,医療，福祉,2020,1190604
600万円以下,3367163,医療，福祉,2020,618129
700万円以下,1612101,医療，福祉,2020,250763
800万円以下,1048168,医療，福祉,2020,140802
900万円以下,591742,医療，福祉,2020,70039
"1,000万円以下",289996,医療，福祉,2020,30458
"1,500万円以下",906784,医療，福祉,2020,74119
"2,000万円以下",1193004,医療，福祉,2020,68017
"2,500万円以下",628771,医療，福祉,2020,28082
"2,500万円超",1233578,医療，福祉,2020,27844
100万円以下,420646,医療，福祉,2019,477584
200万円以下,1507457,医療，福祉,2019,1066370
300万円以下,3081770,医療，福祉,2019,1210466
400万円以下,5771580,医療，福祉,2019,1650178
500万円以下,5107749,医療，福祉,2019,1147380
600万円以下,3280495,医療，福祉,2019,602166
700万円以下,1885337,医療，福祉,2019,291924
800万円以下,1142686,医療，福祉,2019,153254
900万円以下,547331,医療，福祉,2019,64841
"1,000万円以下",443441,医療，福祉,2019,46711
"1,500万円以下",1120044,医療，福祉,2019,92242
"2,000万円以下",1347321,医療，福祉,2019,75550
"2,500万円以下",694235,医療，福祉,2019,31221
"2,500万円超",1433976,医療，福祉,2019,35633
100万円以下,374754,医療，福祉,2018,433690
200万円以下,1333528,医療，福祉,2018,942054
300万円以下,3132821,医療，福祉,2018,1232256
400万円以下,5690146,医療，福祉,2018,1625781
500万円以下,4823818,医療，福祉,2018,1083797
600万円以下,3094749,医療，福祉,2018,568633
700万円以下,1733661,医療，福祉,2018,268800
800万円以下,988189,医療，福祉,2018,133094
900万円以下,525140,医療，福祉,2018,61786
"1,000万円以下",280225,医療，福祉,2018,29584
"1,500万円以下",977474,医療，福祉,2018,79394
"2,000万円以下",1147951,医療，福祉,2018,65145
"2,500万円以下",618026,医療，福祉,2018,27826
"2,500万円超",1377115,医療，福祉,2018,32644
100万円以下,343887,医療，福祉,2017,393145
200万円以下,1224514,医療，福祉,2017,867400
300万円以下,3044133,医療，福祉,2017,1193151
400万円以下,5167151,医療，福祉,2017,1476419
500万円以下,4590050,医療，福祉,2017,1030443
600万円以下,2712604,医療，福祉,2017,497710
700万円以下,1395242,医療，福祉,2017,216020
800万円以下,941236,医療，福祉,2017,126510
900万円以下,528604,医療，福祉,2017,62752
"1,000万円以下",319637,医療，福祉,2017,33696
"1,500万円以下",964477,医療，福祉,2017,78070
"2,000万円以下",1018994,医療，福祉,2017,57419
"2,500万円以下",680421,医療，福祉,2017,30337
"2,500万円超",1370532,医療，福祉,2017,31206
100万円以下,358754,医療，福祉,2016,411050
200万円以下,1311457,医療，福祉,2016,918597
300万円以下,3050463,医療，福祉,2016,1197723
400万円以下,5046120,医療，福祉,2016,1447800
500万円以下,4170250,医療，福祉,2016,937223
600万円以下,2555029,医療，福祉,2016,468717
700万円以下,1427659,医療，福祉,2016,221697
800万円以下,878363,医療，福祉,2016,117896
900万円以下,521622,医療，福祉,2016,61489
"1,000万円以下",304336,医療，福祉,2016,31903
"1,500万円以下",949577,医療，福祉,2016,76462
"2,000万円以下",1041825,医療，福祉,2016,59688
"2,500万円以下",661598,医療，福祉,2016,30006
"2,500万円超",1030624,医療，福祉,2016,26224
100万円以下,352095,医療，福祉,2015,403897
200万円以下,1303545,医療，福祉,2015,914281
300万円以下,3089950,医療，福祉,2015,1217800
400万円以下,4902488,医療，福祉,2015,1408915
500万円以下,3868953,医療，福祉,2015,869427
600万円以下,2443125,医療，福祉,2015,448281
700万円以下,1511483,医療，福祉,2015,234663
800万円以下,887282,医療，福祉,2015,118765
900万円以下,465587,医療，福祉,2015,54966
"1,000万円以下",291928,医療，福祉,2015,30621
"1,500万円以下",895031,医療，福祉,2015,72517
"2,000万円以下",1170319,医療，福祉,2015,66773
"2,500万円以下",525341,医療，福祉,2015,23774
"2,500万円超",1180421,医療，福祉,2015,29479
100万円以下,362186,医療，福祉,2014,411177
200万円以下,1260857,医療，福祉,2014,882949
300万円以下,3204807,医療，福祉,2014,1267204
400万円以下,4629695,医療，福祉,2014,1331228
500万円以下,3643830,医療，福祉,2014,815892
600万円以下,2312453,医療，福祉,2014,423589
700万円以下,1428995,医療，福祉,2014,221760
800万円以下,779760,医療，福祉,2014,105226
900万円以下,505719,医療，福祉,2014,59719
"1,000万円以下",283696,医療，福祉,2014,29772
"1,500万円以下",845229,医療，福祉,2014,69011
"2,000万円以下",886005,医療，福祉,2014,50613
"2,500万円以下",491222,医療，福祉,2014,22068
"2,500万円超",1152835,医療，福祉,2014,28121
100万円以下,46845,複合サービス事業,2023,57003
200万円以下,113685,複合サービス事業,2023,72981
300万円以下,199731,複合サービス事業,2023,80073
400万円以下,344050,複合サービス事業,2023,97821
500万円以下,621980,複合サービス事業,2023,139192
600万円以下,524340,複合サービス事業,2023,94659
700万円以下,740345,複合サービス事業,2023,115254
800万円以下,782466,複合サービス事業,2023,104605
900万円以下,604226,複合サービス事業,2023,70764
"1,000万円以下",518533,複合サービス事業,2023,54219
"1,500万円以下",368653,複合サービス事業,2023,34625
"2,000万円以下",25085,複合サービス事業,2023,1608
"2,500万円以下",12239,複合サービス事業,2023,593
"2,500万円超",37379,複合サービス事業,2023,309
100万円以下,29613,複合サービス事業,2022,36342
200万円以下,117604,複合サービス事業,2022,80021
300万円以下,210723,複合サービス事業,2022,83541
400万円以下,370066,複合サービス事業,2022,105067
500万円以下,540398,複合サービス事業,2022,122884
600万円以下,636138,複合サービス事業,2022,115256
700万円以下,868912,複合サービス事業,2022,133072
800万円以下,780147,複合サービス事業,2022,103409
900万円以下,541904,複合サービス事業,2022,63619
"1,000万円以下",188735,複合サービス事業,2022,20410
"1,500万円以下",143640,複合サービス事業,2022,12400
"2,000万円以下",4284,複合サービス事業,2022,264
"2,500万円以下",1713,複合サービス事業,2022,76
"2,500万円超",2675,複合サービス事業,2022,58
100万円以下,29713,複合サービス事業,2021,37424
200万円以下,134803,複合サービス事業,2021,88014
300万円以下,235320,複合サービス事業,2021,93655
400万円以下,397160,複合サービス事業,2021,112289
500万円以下,585422,複合サービス事業,2021,128358
600万円以下,924122,複合サービス事業,2021,164573
700万円以下,1260902,複合サービス事業,2021,191992
800万円以下,1066799,複合サービス事業,2021,142502
900万円以下,539357,複合サービス事業,2021,63546
"1,000万円以下",96979,複合サービス事業,2021,10328
"1,500万円以下",295489,複合サービス事業,2021,24759
"2,000万円以下",114902,複合サービス事業,2021,5903
"2,500万円以下",1560,複合サービス事業,2021,73
"2,500万円超",568,複合サービス事業,2021,19
100万円以下,26369,複合サービス事業,2020,34300
200万円以下,107450,複合サービス事業,2020,72533
300万円以下,155226,複合サービス事業,2020,61978
400万円以下,260010,複合サービス事業,2020,73430
500万円以下,311930,複合サービス事業,2020,69547
600万円以下,550024,複合サービス事業,2020,99292
700万円以下,670838,複合サービス事業,2020,103559
800万円以下,360248,複合サービス事業,2020,48183
900万円以下,256290,複合サービス事業,2020,30129
"1,000万円以下",60660,複合サービス事業,2020,6448
"1,500万円以下",82919,複合サービス事業,2020,7405
"2,000万円以下",27119,複合サービス事業,2020,1627
"2,500万円以下",675,複合サービス事業,2020,31
"2,500万円超",6569,複合サービス事業,2020,215
100万円以下,23131,複合サービス事業,2019,29597
200万円以下,101708,複合サービス事業,2019,69756
300万円以下,153022,複合サービス事業,2019,61433
400万円以下,275409,複合サービス事業,2019,78841
500万円以下,312417,複合サービス事業,2019,69718
600万円以下,345516,複合サービス事業,2019,63169
700万円以下,259198,複合サービス事業,2019,39857
800万円以下,133169,複合サービス事業,2019,18018
900万円以下,115353,複合サービス事業,2019,13594
"1,000万円以下",55071,複合サービス事業,2019,5812
"1,500万円以下",117971,複合サービス事業,2019,10040
"2,000万円以下",16115,複合サービス事業,2019,956
"2,500万円以下",3212,複合サービス事業,2019,149
"2,500万円超",8403,複合サービス事業,2019,242
100万円以下,24410,複合サービス事業,2018,30421
200万円以下,135438,複合サービス事業,2018,89404
300万円以下,253147,複合サービス事業,2018,101774
400万円以下,318467,複合サービス事業,2018,91158
500万円以下,335020,複合サービス事業,2018,74728
600万円以下,474186,複合サービス事業,2018,86224
700万円以下,496109,複合サービス事業,2018,76385
800万円以下,309809,複合サービス事業,2018,41212
900万円以下,285186,複合サービス事業,2018,33933
"1,000万円以下",158346,複合サービス事業,2018,16889
"1,500万円以下",146807,複合サービス事業,2018,12837
"2,000万円以下",10110,複合サービス事業,2018,657
"2,500万円以下",5692,複合サービス事業,2018,270
"2,500万円超",462,複合サービス事業,2018,15
100万円以下,22680,複合サービス事業,2017,28094
200万円以下,152980,複合サービス事業,2017,99375
300万円以下,376424,複合サービス事業,2017,150624
400万円以下,516300,複合サービス事業,2017,147014
500万円以下,551728,複合サービス事業,2017,123829
600万円以下,639383,複合サービス事業,2017,116288
700万円以下,646176,複合サービス事業,2017,99152
800万円以下,667616,複合サービス事業,2017,89213
900万円以下,321697,複合サービス事業,2017,38307
"1,000万円以下",165858,複合サービス事業,2017,17684
"1,500万円以下",103935,複合サービス事業,2017,9267
"2,000万円以下",15450,複合サービス事業,2017,864
"2,500万円以下",1358,複合サービス事業,2017,63
"2,500万円超",4250,複合サービス事業,2017,141
100万円以下,49510,複合サービス事業,2016,60822
200万円以下,193890,複合サービス事業,2016,131554
300万円以下,365314,複合サービス事業,2016,147086
400万円以下,473740,複合サービス事業,2016,135647
500万円以下,472254,複合サービス事業,2016,105210
600万円以下,511250,複合サービス事業,2016,93086
700万円以下,489935,複合サービス事業,2016,75438
800万円以下,479905,複合サービス事業,2016,63951
900万円以下,393527,複合サービス事業,2016,46643
"1,000万円以下",195038,複合サービス事業,2016,20726
"1,500万円以下",141660,複合サービス事業,2016,12832
"2,000万円以下",42276,複合サービス事業,2016,2709
"2,500万円以下",15279,複合サービス事業,2016,679
"2,500万円超",31442,複合サービス事業,2016,827
100万円以下,42925,複合サービス事業,2015,52833
200万円以下,196032,複合サービス事業,2015,132095
300万円以下,330251,複合サービス事業,2015,133093
400万円以下,455841,複合サービス事業,2015,129561
500万円以下,528952,複合サービス事業,2015,118356
600万円以下,594785,複合サービス事業,2015,107897
700万円以下,635042,複合サービス事業,2015,97607
800万円以下,577502,複合サービス事業,2015,77261
900万円以下,315439,複合サービス事業,2015,37053
"1,000万円以下",143086,複合サービス事業,2015,15232
"1,500万円以下",121478,複合サービス事業,2015,10457
"2,000万円以下",23638,複合サービス事業,2015,1398
"2,500万円以下",1304,複合サービス事業,2015,60
"2,500万円超",7603,複合サービス事業,2015,257
100万円以下,26379,複合サービス事業,2014,33185
200万円以下,103754,複合サービス事業,2014,67670
300万円以下,188859,複合サービス事業,2014,75941
400万円以下,284412,複合サービス事業,2014,82037
500万円以下,362934,複合サービス事業,2014,80298
600万円以下,284795,複合サービス事業,2014,52063
700万円以下,239520,複合サービス事業,2014,37002
800万円以下,124976,複合サービス事業,2014,16651
900万円以下,78312,複合サービス事業,2014,9225
"1,000万円以下",80378,複合サービス事業,2014,8609
"1,500万円以下",37519,複合サービス事業,2014,3337
"2,000万円以下",2177,複合サービス事業,2014,123
"2,500万円以下",979,複合サービス事業,2014,44
"2,500万円超",783,複合サービス事業,2014,24
100万円以下,682449,サービス業,2023,876067
200万円以下,1788949,サービス業,2023,1233142
300万円以下,3831683,サービス業,2023,1518913
400万円以下,4598282,サービス業,2023,1320303
500万円以下,4419852,サービス業,2023,990127
600万円以下,3465423,サービス業,2023,632305
700万円以下,2535719,サービス業,2023,393037
800万円以下,1826943,サービス業,2023,245042
900万円以下,1218369,サービス業,2023,143576
"1,000万円以下",1042364,サービス業,2023,110060
"1,500万円以下",2099636,サービス業,2023,178379
"2,000万円以下",599822,サービス業,2023,34560
"2,500万円以下",276249,サービス業,2023,12480
"2,500万円超",715215,サービス業,2023,15578
100万円以下,704550,サービス業,2022,896460
200万円以下,1804359,サービス業,2022,1242050
300万円以下,3940639,サービス業,2022,1563582
400万円以下,4737430,サービス業,2022,1358748
500万円以下,4606299,サービス業,2022,1032136
600万円以下,3451540,サービス業,2022,630074
700万円以下,2360416,サービス業,2022,365760
800万円以下,1777473,サービス業,2022,238455
900万円以下,1155839,サービス業,2022,136673
"1,000万円以下",798462,サービス業,2022,84178
"1,500万円以下",1861099,サービス業,2022,157041
"2,000万円以下",569139,サービス業,2022,33134
"2,500万円以下",275500,サービス業,2022,12211
"2,500万円超",1219763,サービス業,2022,20750
100万円以下,678717,サービス業,2021,870827
200万円以下,1809702,サービス業,2021,1234239
300万円以下,3918792,サービス業,2021,1556042
400万円以下,4653431,サービス業,2021,1335714
500万円以下,4280472,サービス業,2021,957207
600万円以下,3284633,サービス業,2021,599610
700万円以下,2152008,サービス業,2021,332663
800万円以下,1852142,サービス業,2021,248547
900万円以下,1126322,サービス業,2021,132907
"1,000万円以下",755403,サービス業,2021,79675
"1,500万円以下",1806544,サービス業,2021,152978
"2,000万円以下",606226,サービス業,2021,34910
"2,500万円以下",237994,サービス業,2021,10651
"2,500万円超",598905,サービス業,2021,13566
100万円以下,720721,サービス業,2020,924964
200万円以下,1968188,サービス業,2020,1338315
300万円以下,4078860,サービス業,2020,1638674
400万円以下,4588648,サービス業,2020,1324697
500万円以下,4018624,サービス業,2020,900117
600万円以下,3028615,サービス業,2020,555202
700万円以下,2071530,サービス業,2020,320955
800万円以下,1393866,サービス業,2020,186667
900万円以下,1033047,サービス業,2020,122108
"1,000万円以下",723459,サービス業,2020,76578
"1,500万円以下",1617650,サービス業,2020,136012
"2,000万円以下",571363,サービス業,2020,33410
"2,500万円以下",210747,サービス業,2020,9482
"2,500万円超",627285,サービス業,2020,12285
100万円以下,720850,サービス業,2019,922008
200万円以下,1946256,サービス業,2019,1329173
300万円以下,3939375,サービス業,2019,1567222
400万円以下,4422692,サービス業,2019,1272720
500万円以下,4118950,サービス業,2019,920796
600万円以下,3133814,サービス業,2019,572577
700万円以下,2221689,サービス業,2019,344196
800万円以下,1731230,サービス業,2019,232771
900万円以下,1197864,サービス業,2019,142193
"1,000万円以下",835462,サービス業,2019,88168
"1,500万円以下",1467975,サービス業,2019,123991
"2,000万円以下",589457,サービス業,2019,33697
"2,500万円以下",237911,サービス業,2019,10655
"2,500万円超",457367,サービス業,2019,10344
100万円以下,632194,サービス業,2018,803144
200万円以下,1779653,サービス業,2018,1212694
300万円以下,3477652,サービス業,2018,1391496
400万円以下,4087685,サービス業,2018,1175659
500万円以下,3875774,サービス業,2018,866821
600万円以下,2951296,サービス業,2018,538523
700万円以下,1895898,サービス業,2018,293382
800万円以下,1368630,サービス業,2018,183605
900万円以下,962567,サービス業,2018,114065
"1,000万円以下",593033,サービス業,2018,62583
"1,500万円以下",1378991,サービス業,2018,117939
"2,000万円以下",491283,サービス業,2018,28657
"2,500万円以下",195185,サービス業,2018,8869
"2,500万円超",497657,サービス業,2018,11747
100万円以下,712496,サービス業,2017,896822
200万円以下,1861892,サービス業,2017,1258692
300万円以下,4003692,サービス業,2017,1595891
400万円以下,4375046,サービス業,2017,1258468
500万円以下,3663498,サービス業,2017,819871
600万円以下,2736788,サービス業,2017,500079
700万円以下,1902769,サービス業,2017,294412
800万円以下,1397740,サービス業,2017,187487
900万円以下,920644,サービス業,2017,108659
"1,000万円以下",611358,サービス業,2017,64181
"1,500万円以下",1252915,サービス業,2017,106230
"2,000万円以下",310499,サービス業,2017,17649
"2,500万円以下",127444,サービス業,2017,5672
"2,500万円超",526197,サービス業,2017,11627
100万円以下,684842,サービス業,2016,870465
200万円以下,1886013,サービス業,2016,1274898
300万円以下,3553148,サービス業,2016,1428912
400万円以下,3742449,サービス業,2016,1076517
500万円以下,3480260,サービス業,2016,778643
600万円以下,2410905,サービス業,2016,439802
700万円以下,1565510,サービス業,2016,242139
800万円以下,1239653,サービス業,2016,166473
900万円以下,877924,サービス業,2016,103901
"1,000万円以下",500598,サービス業,2016,52939
"1,500万円以下",1230204,サービス業,2016,104845
"2,000万円以下",339993,サービス業,2016,19668
"2,500万円以下",189996,サービス業,2016,8411
"2,500万円超",502143,サービス業,2016,10124
100万円以下,664457,サービス業,2015,841020
200万円以下,1840858,サービス業,2015,1250336
300万円以下,3434091,サービス業,2015,1373362
400万円以下,3627934,サービス業,2015,1044384
500万円以下,3237223,サービス業,2015,724669
600万円以下,2646586,サービス業,2015,482900
700万円以下,1728162,サービス業,2015,267679
800万円以下,1246506,サービス業,2015,167810
900万円以下,959843,サービス業,2015,113471
"1,000万円以下",557030,サービス業,2015,58881
"1,500万円以下",1112520,サービス業,2015,96539
"2,000万円以下",317148,サービス業,2015,18882
"2,500万円以下",154584,サービス業,2015,6876
"2,500万円超",451948,サービス業,2015,9156
100万円以下,640125,サービス業,2014,818309
200万円以下,1940029,サービス業,2014,1302458
300万円以下,3535028,サービス業,2014,1420626
400万円以下,3782070,サービス業,2014,1086079
500万円以下,3369407,サービス業,2014,754087
600万円以下,2451957,サービス業,2014,445836
700万円以下,1657478,サービス業,2014,255912
800万円以下,1195328,サービス業,2014,159876
900万円以下,792220,サービス業,2014,93153
"1,000万円以下",512446,サービス業,2014,54088
"1,500万円以下",1176887,サービス業,2014,99262
"2,000万円以下",395755,サービス業,2014,22978
"2,500万円以下",165748,サービス業,2014,7402
"2,500万円超",490515,サービス業,2014,12064
100万円以下,30149,農林水産・鉱業,2023,34168
200万円以下,161373,農林水産・鉱業,2023,111453
300万円以下,243287,農林水産・鉱業,2023,96493
400万円以下,218827,農林水産・鉱業,2023,62237
500万円以下,192862,農林水産・鉱業,2023,43306
600万円以下,133341,農林水産・鉱業,2023,24375
700万円以下,85979,農林水産・鉱業,2023,13135
800万円以下,103131,農林水産・鉱業,2023,13801
900万円以下,46906,農林水産・鉱業,2023,5674
"1,000万円以下",47878,農林水産・鉱業,2023,4995
"1,500万円以下",76915,農林水産・鉱業,2023,6564
"2,000万円以下",50789,農林水産・鉱業,2023,2953
"2,500万円以下",2503,農林水産・鉱業,2023,115
"2,500万円超",4065,農林水産・鉱業,2023,99
100万円以下,49761,農林水産・鉱業,2022,56588
200万円以下,161972,農林水産・鉱業,2022,111537
300万円以下,289198,農林水産・鉱業,2022,113014
400万円以下,321706,農林水産・鉱業,2022,92090
500万円以下,225454,農林水産・鉱業,2022,50616
600万円以下,155095,農林水産・鉱業,2022,28307
700万円以下,72848,農林水産・鉱業,2022,11299
800万円以下,75448,農林水産・鉱業,2022,10159
900万円以下,34601,農林水産・鉱業,2022,4081
"1,000万円以下",42456,農林水産・鉱業,2022,4495
"1,500万円以下",87209,農林水産・鉱業,2022,7171
"2,000万円以下",62152,農林水産・鉱業,2022,3485
"2,500万円以下",1717,農林水産・鉱業,2022,76
"2,500万円超",86379,農林水産・鉱業,2022,1973
100万円以下,47163,農林水産・鉱業,2021,52617
200万円以下,180226,農林水産・鉱業,2021,120399
300万円以下,271003,農林水産・鉱業,2021,107017
400万円以下,235033,農林水産・鉱業,2021,66845
500万円以下,226798,農林水産・鉱業,2021,50661
600万円以下,184034,農林水産・鉱業,2021,33073
700万円以下,60455,農林水産・鉱業,2021,9278
800万円以下,66959,農林水産・鉱業,2021,9000
900万円以下,60702,農林水産・鉱業,2021,7243
"1,000万円以下",24527,農林水産・鉱業,2021,2585
"1,500万円以下",39752,農林水産・鉱業,2021,3332
"2,000万円以下",21334,農林水産・鉱業,2021,1232
"2,500万円以下",5039,農林水産・鉱業,2021,226
"2,500万円超",7659,農林水産・鉱業,2021,199
100万円以下,61560,農林水産・鉱業,2020,69512
200万円以下,243253,農林水産・鉱業,2020,164070
300万円以下,353307,農林水産・鉱業,2020,142136
400万円以下,328260,農林水産・鉱業,2020,93506
500万円以下,275462,農林水産・鉱業,2020,61455
600万円以下,170058,農林水産・鉱業,2020,30811
700万円以下,136740,農林水産・鉱業,2020,20999
800万円以下,96925,農林水産・鉱業,2020,13106
900万円以下,51117,農林水産・鉱業,2020,5948
"1,000万円以下",39076,農林水産・鉱業,2020,3979
"1,500万円以下",43058,農林水産・鉱業,2020,3685
"2,000万円以下",11035,農林水産・鉱業,2020,627
"2,500万円以下",15136,農林水産・鉱業,2020,643
"2,500万円超",13147,農林水産・鉱業,2020,354
100万円以下,55384,農林水産・鉱業,2019,62228
200万円以下,226224,農林水産・鉱業,2019,155912
300万円以下,286815,農林水産・鉱業,2019,113634
400万円以下,288254,農林水産・鉱業,2019,82211
500万円以下,257738,農林水産・鉱業,2019,56985
600万円以下,157999,農林水産・鉱業,2019,29134
700万円以下,60752,農林水産・鉱業,2019,9386
800万円以下,90619,農林水産・鉱業,2019,12152
900万円以下,63276,農林水産・鉱業,2019,7439
"1,000万円以下",30463,農林水産・鉱業,2019,3164
"1,500万円以下",79453,農林水産・鉱業,2019,6622
"2,000万円以下",15345,農林水産・鉱業,2019,943
"2,500万円以下",15141,農林水産・鉱業,2019,683
"2,500万円超",28322,農林水産・鉱業,2019,794
100万円以下,38003,農林水産・鉱業,2018,42020
200万円以下,199267,農林水産・鉱業,2018,135829
300万円以下,276626,農林水産・鉱業,2018,110699
400万円以下,319033,農林水産・鉱業,2018,90252
500万円以下,241960,農林水産・鉱業,2018,54596
600万円以下,130065,農林水産・鉱業,2018,23439
700万円以下,71295,農林水産・鉱業,2018,11071
800万円以下,83312,農林水産・鉱業,2018,11253
900万円以下,48599,農林水産・鉱業,2018,5623
"1,000万円以下",29680,農林水産・鉱業,2018,3083
"1,500万円以下",87267,農林水産・鉱業,2018,7072
"2,000万円以下",25352,農林水産・鉱業,2018,1384
"2,500万円以下",553,農林水産・鉱業,2018,23
"2,500万円超",18057,農林水産・鉱業,2018,351
100万円以下,30602,農林水産・鉱業,2017,33525
200万円以下,157834,農林水産・鉱業,2017,107657
300万円以下,277062,農林水産・鉱業,2017,109405
400万円以下,297153,農林水産・鉱業,2017,85488
500万円以下,209989,農林水産・鉱業,2017,47137
600万円以下,189084,農林水産・鉱業,2017,33868
700万円以下,61625,農林水産・鉱業,2017,9460
800万円以下,129663,農林水産・鉱業,2017,17270
900万円以下,47111,農林水産・鉱業,2017,5607
"1,000万円以下",32571,農林水産・鉱業,2017,3452
"1,500万円以下",76160,農林水産・鉱業,2017,6047
"2,000万円以下",3113,農林水産・鉱業,2017,164
"2,500万円以下",28825,農林水産・鉱業,2017,1203
"2,500万円超",6482,農林水産・鉱業,2017,179
100万円以下,31978,農林水産・鉱業,2016,35256
200万円以下,207620,農林水産・鉱業,2016,141159
300万円以下,306129,農林水産・鉱業,2016,122380
400万円以下,290591,農林水産・鉱業,2016,83454
500万円以下,179321,農林水産・鉱業,2016,40331
600万円以下,180081,農林水産・鉱業,2016,32885
700万円以下,74560,農林水産・鉱業,2016,11450
800万円以下,57126,農林水産・鉱業,2016,7610
900万円以下,32465,農林水産・鉱業,2016,3820
"1,000万円以下",21251,農林水産・鉱業,2016,2258
"1,500万円以下",26847,農林水産・鉱業,2016,2198
"2,000万円以下",6406,農林水産・鉱業,2016,355
"2,500万円以下",5020,農林水産・鉱業,2016,219
"2,500万円超",19430,農林水産・鉱業,2016,527
100万円以下,45647,農林水産・鉱業,2015,50829
200万円以下,210471,農林水産・鉱業,2015,142876
300万円以下,272619,農林水産・鉱業,2015,108358
400万円以下,224120,農林水産・鉱業,2015,64348
500万円以下,181568,農林水産・鉱業,2015,40574
600万円以下,121453,農林水産・鉱業,2015,22119
700万円以下,103728,農林水産・鉱業,2015,15940
800万円以下,39194,農林水産・鉱業,2015,5226
900万円以下,38062,農林水産・鉱業,2015,4538
"1,000万円以下",37662,農林水産・鉱業,2015,3944
"1,500万円以下",132842,農林水産・鉱業,2015,11677
"2,000万円以下",22108,農林水産・鉱業,2015,1304
"2,500万円以下",7007,農林水産・鉱業,2015,315
"2,500万円超",41860,農林水産・鉱業,2015,1233
100万円以下,32009,農林水産・鉱業,2014,36886
200万円以下,196695,農林水産・鉱業,2014,134547
300万円以下,240622,農林水産・鉱業,2014,95466
400万円以下,208809,農林水産・鉱業,2014,59256
500万円以下,216013,農林水産・鉱業,2014,48350
600万円以下,115031,農林水産・鉱業,2014,21063
700万円以下,70399,農林水産・鉱業,2014,11021
800万円以下,60401,農林水産・鉱業,2014,8161
900万円以下,33625,農林水産・鉱業,2014,4032
"1,000万円以下",24609,農林水産・鉱業,2014,2538
"1,500万円以下",54213,農林水産・鉱業,2014,4709
"2,000万円以下",7145,農林水産・鉱業,2014,465
"2,500万円以下",13096,農林水産・鉱業,2014,548
"2,500万円超",6740,農林水産・鉱業,2014,173
